user_id,rank_1,rank_2,rank_3,rank_4,rank_5
u_0000,i_4556,i_4817,i_7284,i_6617,i_6084
u_0001,i_5967,i_3339,i_0734,i_4458,i_6257
u_0002,i_4071,i_4254,i_6656,i_1078,i_1243
u_0003,i_5483,i_7385,i_1576,i_2857,i_1755
u_0004,i_5563,i_5558,i_7545,i_7276,i_4825
u_0005,i_4735,i_4288,i_0762,i_7019,i_1493
u_0006,i_7633,i_8410,i_0186,i_3255,i_1012
u_0007,i_2609,i_6684,i_5901,i_6206,i_3128
u_0008,i_8041,i_4469,i_6308,i_3338,i_4815
u_0009,i_4295,i_6292,i_8642,i_7970,i_5555
u_0010,i_0868,i_4442,i_6434,i_7419,i_8620
u_0011,i_3963,i_0156,i_1009,i_4050,i_3766
u_0012,i_5744,i_3771,i_1845,i_5957,i_6140
u_0013,i_2960,i_1897,i_1754,i_7184,i_4556
u_0014,i_5190,i_7055,i_7885,i_1651,i_6080
u_0015,i_7864,i_0207,i_0825,i_0111,i_5840
u_0016,i_2469,i_1440,i_7654,i_4741,i_6986
u_0017,i_7345,i_7633,i_8107,i_3133,i_1467
u_0018,i_4770,i_3558,i_7558,i_0485,i_6601
u_0019,i_6710,i_3483,i_4793,i_6361,i_3042
u_0020,i_3972,i_7709,i_2073,i_2445,i_2931
u_0021,i_7184,i_5627,i_8535,i_4386,i_8250
u_0022,i_0514,i_6827,i_0458,i_1349,i_8379
u_0023,i_4917,i_1290,i_1443,i_0293,i_7060
u_0024,i_3380,i_1090,i_7643,i_1782,i_6829
u_0025,i_4943,i_3342,i_3028,i_8167,i_7255
u_0026,i_8344,i_1997,i_7812,i_5610,i_2972
u_0027,i_3595,i_4867,i_1053,i_1673,i_0336
u_0028,i_0832,i_1782,i_3189,i_2524,i_6681
u_0029,i_2520,i_4654,i_1887,i_2223,i_6583
u_0030,i_3958,i_8041,i_7885,i_1561,i_4341
u_0031,i_8109,i_8358,i_5540,i_0235,i_1254
u_0032,i_7541,i_7082,i_1542,i_4020,i_0958
u_0033,i_5289,i_2392,i_1472,i_0114,i_4322
u_0034,i_5190,i_4872,i_1643,i_7513,i_3958
u_0035,i_4145,i_3016,i_2286,i_5262,i_5127
u_0036,i_7433,i_8414,i_2420,i_3972,i_1568
u_0037,i_6968,i_6911,i_5296,i_0659,i_6151
u_0038,i_1940,i_8041,i_4215,i_8398,i_6581
u_0039,i_3771,i_4958,i_2180,i_5470,i_5849
u_0040,i_1062,i_5394,i_2442,i_7806,i_6138
u_0041,i_1248,i_5092,i_1022,i_8130,i_2647
u_0042,i_3233,i_3782,i_3397,i_5607,i_0825
u_0043,i_5689,i_8651,i_5789,i_6176,i_6987
u_0044,i_8258,i_8203,i_8430,i_7074,i_4894
u_0045,i_2946,i_5641,i_0843,i_0614,i_1890
u_0046,i_6565,i_5740,i_8185,i_7037,i_7240
u_0047,i_3783,i_5026,i_4442,i_5312,i_0372
u_0048,i_6067,i_7154,i_5496,i_6233,i_6021
u_0049,i_8070,i_7198,i_3410,i_1428,i_8271
u_0050,i_8650,i_8231,i_4235,i_6532,i_5253
u_0051,i_7571,i_4335,i_2202,i_1880,i_7534
u_0052,i_8316,i_7870,i_2367,i_8325,i_5030
u_0053,i_8041,i_8197,i_3846,i_6932,i_2843
u_0054,i_8307,i_8401,i_2366,i_1332,i_3138
u_0055,i_1793,i_3837,i_7046,i_4414,i_5634
u_0056,i_6685,i_0544,i_0182,i_3177,i_2191
u_0057,i_6710,i_5946,i_5416,i_8237,i_5533
u_0058,i_6727,i_3396,i_1997,i_0945,i_5660
u_0059,i_7499,i_5204,i_6779,i_1693,i_3656
u_0060,i_6285,i_5173,i_6769,i_8204,i_5545
u_0061,i_2437,i_1783,i_6622,i_6127,i_2712
u_0062,i_8009,i_6294,i_0792,i_3892,i_0228
u_0063,i_6872,i_7185,i_5941,i_4337,i_5013
u_0064,i_0369,i_6809,i_8630,i_2342,i_1453
u_0065,i_6009,i_6075,i_4979,i_4380,i_3207
u_0066,i_8646,i_6246,i_8000,i_0063,i_8599
u_0067,i_7162,i_7594,i_5535,i_6018,i_6664
u_0068,i_5516,i_1332,i_4958,i_6687,i_0169
u_0069,i_7949,i_7420,i_1450,i_7337,i_3196
u_0070,i_3702,i_8520,i_1197,i_1430,i_0571
u_0071,i_5653,i_8468,i_8268,i_1172,i_5092
u_0072,i_6150,i_8070,i_7384,i_2577,i_0447
u_0073,i_1051,i_7956,i_7094,i_5220,i_2422
u_0074,i_6308,i_0821,i_7920,i_2600,i_1495
u_0075,i_2416,i_0769,i_6130,i_1238,i_4214
u_0076,i_8004,i_3882,i_2491,i_1869,i_6589
u_0077,i_1782,i_0443,i_1727,i_1806,i_3469
u_0078,i_5996,i_1897,i_7561,i_5768,i_2966
u_0079,i_3983,i_8076,i_2366,i_5625,i_7302
u_0080,i_3098,i_6827,i_2719,i_6530,i_1795
u_0081,i_8384,i_8139,i_8470,i_0991,i_3029
u_0082,i_1211,i_0149,i_6801,i_5483,i_0435
u_0083,i_1522,i_6061,i_8047,i_2639,i_7333
u_0084,i_7069,i_1611,i_1366,i_5435,i_8472
u_0085,i_1838,i_1452,i_8438,i_7499,i_1208
u_0086,i_8512,i_6718,i_0407,i_0581,i_3859
u_0087,i_1804,i_2440,i_3958,i_5610,i_7105
u_0088,i_5478,i_7835,i_8075,i_1782,i_1398
u_0089,i_4429,i_5901,i_7924,i_2363,i_1713
u_0090,i_0315,i_2249,i_6906,i_7132,i_7426
u_0091,i_7661,i_8425,i_6331,i_0699,i_8589
u_0092,i_8242,i_7856,i_2576,i_4835,i_7875
u_0093,i_2091,i_2020,i_6209,i_8149,i_1716
u_0094,i_4520,i_7530,i_6204,i_1507,i_6341
u_0095,i_5240,i_6562,i_1267,i_7826,i_2034
u_0096,i_0186,i_3855,i_5628,i_7603,i_5000
u_0097,i_8069,i_8353,i_4705,i_0954,i_5177
u_0098,i_8070,i_6668,i_8354,i_1043,i_5843
u_0099,i_7856,i_6546,i_7115,i_3027,i_1437
u_0100,i_8181,i_7817,i_2403,i_7885,i_2279
u_0101,i_2995,i_5006,i_1251,i_6362,i_1800
u_0102,i_7614,i_6418,i_6434,i_0455,i_2120
u_0103,i_2419,i_2210,i_7522,i_2952,i_7761
u_0104,i_7982,i_6758,i_4924,i_3397,i_0906
u_0105,i_6443,i_8242,i_2404,i_3697,i_6700
u_0106,i_0341,i_1307,i_1348,i_7729,i_1494
u_0107,i_1449,i_0782,i_3958,i_1974,i_4613
u_0108,i_4719,i_6827,i_8626,i_2188,i_3872
u_0109,i_6149,i_7319,i_7520,i_6668,i_4667
u_0110,i_7598,i_3239,i_6927,i_2609,i_3952
u_0111,i_4800,i_2184,i_0139,i_0199,i_0704
u_0112,i_5311,i_2001,i_6682,i_4313,i_7046
u_0113,i_4376,i_4707,i_3238,i_3763,i_0725
u_0114,i_8186,i_4531,i_1081,i_6823,i_6847
u_0115,i_7299,i_7920,i_1603,i_1963,i_2303
u_0116,i_2188,i_6572,i_1117,i_7386,i_3936
u_0117,i_2454,i_6021,i_3591,i_7575,i_1690
u_0118,i_7629,i_5384,i_3180,i_1209,i_3374
u_0119,i_7382,i_7034,i_3591,i_8046,i_6043
u_0120,i_2391,i_8260,i_3339,i_1838,i_5860
u_0121,i_1838,i_0899,i_8257,i_4958,i_6279
u_0122,i_2236,i_8500,i_4497,i_2963,i_2013
u_0123,i_7137,i_6876,i_8231,i_0279,i_2508
u_0124,i_1640,i_4524,i_5161,i_2329,i_7720
u_0125,i_5946,i_6758,i_1667,i_8605,i_0545
u_0126,i_1457,i_8605,i_4716,i_5000,i_5441
u_0127,i_3339,i_4559,i_5337,i_2898,i_5022
u_0128,i_7976,i_8435,i_3723,i_7229,i_3745
u_0129,i_6308,i_8322,i_1694,i_7735,i_0612
u_0130,i_0825,i_5643,i_2911,i_4657,i_0512
u_0131,i_1876,i_4237,i_1040,i_6550,i_0215
u_0132,i_3768,i_5485,i_5092,i_4820,i_3896
u_0133,i_6418,i_4435,i_8601,i_0543,i_5181
u_0134,i_7065,i_3339,i_3483,i_5887,i_0284
u_0135,i_8662,i_7718,i_2044,i_5568,i_6043
u_0136,i_6145,i_8173,i_2627,i_3420,i_3989
u_0137,i_3380,i_1181,i_8202,i_2118,i_3907
u_0138,i_8481,i_0140,i_5512,i_8177,i_0649
u_0139,i_7661,i_5067,i_0057,i_8478,i_1621
u_0140,i_0797,i_7926,i_4951,i_1472,i_0798
u_0141,i_6731,i_2767,i_2757,i_7659,i_5131
u_0142,i_8073,i_6913,i_1502,i_5739,i_4948
u_0143,i_7752,i_6418,i_7238,i_3019,i_2294
u_0144,i_5297,i_3791,i_8496,i_2225,i_1453
u_0145,i_6054,i_3874,i_6795,i_6243,i_1659
u_0146,i_8003,i_5338,i_6375,i_1722,i_1012
u_0147,i_8070,i_7111,i_1851,i_8241,i_7501
u_0148,i_8577,i_4447,i_7923,i_8016,i_0449
u_0149,i_3847,i_5822,i_0784,i_0494,i_1078
u_0150,i_5257,i_4801,i_5671,i_0739,i_4050
u_0151,i_4485,i_5107,i_1757,i_3026,i_5460
u_0152,i_7996,i_4116,i_0232,i_5510,i_0542
u_0153,i_1890,i_4382,i_0652,i_3642,i_1040
u_0154,i_6993,i_3167,i_6309,i_5962,i_1266
u_0155,i_5544,i_5131,i_7258,i_1653,i_0514
u_0156,i_0570,i_4975,i_2386,i_2693,i_6788
u_0157,i_3126,i_1346,i_0134,i_2201,i_7948
u_0158,i_2758,i_3594,i_6540,i_6171,i_2013
u_0159,i_7157,i_7137,i_3134,i_5442,i_1201
u_0160,i_6245,i_6672,i_3648,i_1536,i_7823
u_0161,i_4373,i_4854,i_1279,i_0189,i_3804
u_0162,i_7016,i_5770,i_8174,i_7210,i_7119
u_0163,i_1522,i_8508,i_8134,i_8296,i_0508
u_0164,i_7623,i_4933,i_8250,i_3350,i_2633
u_0165,i_8613,i_0173,i_1917,i_0192,i_0056
u_0166,i_8413,i_5628,i_3091,i_2802,i_2077
u_0167,i_6009,i_2541,i_4554,i_7112,i_2493
u_0168,i_8487,i_8427,i_8206,i_2272,i_1140
u_0169,i_3983,i_7455,i_2549,i_4403,i_5092
u_0170,i_3999,i_3348,i_7968,i_1493,i_7234
u_0171,i_7634,i_7498,i_0313,i_4935,i_8623
u_0172,i_4097,i_3396,i_4446,i_3854,i_5260
u_0173,i_8501,i_8613,i_2371,i_5959,i_1824
u_0174,i_2041,i_5762,i_2258,i_3918,i_1591
u_0175,i_8146,i_2704,i_4050,i_7921,i_7240
u_0176,i_3822,i_2333,i_6357,i_4652,i_1009
u_0177,i_8039,i_4797,i_2378,i_1472,i_2949
u_0178,i_7619,i_6552,i_4412,i_8531,i_3689
u_0179,i_7836,i_7001,i_2463,i_1451,i_0221
u_0180,i_0762,i_0635,i_8486,i_7839,i_1644
u_0181,i_3078,i_8356,i_6137,i_3277,i_7232
u_0182,i_7601,i_6957,i_0294,i_7778,i_6734
u_0183,i_6958,i_3153,i_2697,i_1042,i_6009
u_0184,i_0043,i_5646,i_3818,i_5826,i_3012
u_0185,i_6005,i_5226,i_3090,i_1283,i_4206
u_0186,i_3788,i_4528,i_4536,i_3282,i_7567
u_0187,i_6242,i_5505,i_0242,i_7869,i_4702
u_0188,i_8083,i_6718,i_4376,i_0076,i_6612
u_0189,i_8214,i_3456,i_1116,i_3278,i_2479
u_0190,i_8461,i_8041,i_3662,i_5381,i_1453
u_0191,i_8383,i_4152,i_7745,i_8285,i_7340
u_0192,i_5930,i_3478,i_8527,i_1275,i_0316
u_0193,i_7157,i_3771,i_3389,i_8533,i_6971
u_0194,i_6080,i_6197,i_7555,i_1212,i_0067
u_0195,i_0066,i_7572,i_7353,i_2985,i_5562
u_0196,i_7836,i_5043,i_0101,i_0900,i_1825
u_0197,i_0407,i_6177,i_4746,i_7017,i_2643
u_0198,i_7420,i_8624,i_4073,i_3594,i_2219
u_0199,i_1838,i_0762,i_0989,i_6678,i_6315
u_0200,i_2041,i_7546,i_7028,i_4515,i_7569
u_0201,i_3819,i_4827,i_8120,i_6507,i_0515
u_0202,i_7660,i_7215,i_4007,i_7079,i_2386
u_0203,i_8145,i_4983,i_2606,i_1943,i_0464
u_0204,i_6373,i_5346,i_5761,i_3330,i_6664
u_0205,i_6103,i_5224,i_5770,i_7260,i_2033
u_0206,i_1912,i_5626,i_1168,i_0930,i_1782
u_0207,i_2145,i_4096,i_2753,i_2329,i_1519
u_0208,i_7841,i_3958,i_0127,i_1665,i_0492
u_0209,i_6057,i_8351,i_3790,i_3885,i_4035
u_0210,i_6372,i_3871,i_4922,i_6869,i_7324
u_0211,i_2976,i_7341,i_1847,i_8193,i_2175
u_0212,i_2953,i_4382,i_1672,i_2818,i_7495
u_0213,i_8041,i_7498,i_4436,i_5899,i_2139
u_0214,i_3734,i_3950,i_5940,i_0008,i_4975
u_0215,i_4024,i_1733,i_6929,i_7001,i_1863
u_0216,i_8190,i_6886,i_6163,i_1854,i_4880
u_0217,i_4584,i_6701,i_8645,i_3432,i_8033
u_0218,i_5486,i_8450,i_1922,i_4131,i_0959
u_0219,i_7589,i_7137,i_4209,i_5064,i_0285
u_0220,i_6510,i_7331,i_3362,i_1838,i_8053
u_0221,i_6648,i_8459,i_7373,i_8585,i_6198
u_0222,i_2078,i_0407,i_3216,i_4291,i_0198
u_0223,i_6524,i_5555,i_5597,i_3982,i_3363
u_0224,i_7108,i_7915,i_2462,i_8303,i_1127
u_0225,i_3909,i_6308,i_5382,i_8074,i_4429
u_0226,i_3313,i_7319,i_6827,i_1653,i_1189
u_0227,i_8450,i_7598,i_8256,i_2008,i_1868
u_0228,i_3483,i_7530,i_4239,i_4235,i_1728
u_0229,i_4950,i_3478,i_2350,i_0609,i_2299
u_0230,i_8562,i_8372,i_4237,i_8110,i_1614
u_0231,i_4732,i_3475,i_3033,i_5539,i_1863
u_0232,i_6726,i_5837,i_5671,i_0499,i_0552
u_0233,i_8070,i_8473,i_7875,i_7206,i_7356
u_0234,i_7157,i_3303,i_0313,i_0210,i_8588
u_0235,i_3958,i_5901,i_4004,i_7599,i_7917
u_0236,i_4717,i_4335,i_1260,i_1275,i_4438
u_0237,i_5893,i_7116,i_1341,i_2336,i_4068
u_0238,i_4953,i_4388,i_0375,i_7986,i_7077
u_0239,i_3707,i_8343,i_7920,i_7079,i_0607
u_0240,i_8308,i_5986,i_3559,i_2837,i_2092
u_0241,i_2774,i_2614,i_8076,i_8471,i_0286
u_0242,i_0797,i_0313,i_4884,i_7342,i_6679
u_0243,i_6707,i_2420,i_3181,i_0315,i_4138
u_0244,i_2145,i_5770,i_1972,i_7279,i_8454
u_0245,i_1066,i_7973,i_8540,i_1306,i_8676
u_0246,i_7506,i_5150,i_2379,i_0899,i_6792
u_0247,i_8586,i_1931,i_2936,i_6952,i_2077
u_0248,i_6809,i_4632,i_5524,i_5898,i_7024
u_0249,i_6308,i_7105,i_2363,i_8460,i_0545
u_0250,i_4661,i_0635,i_6247,i_1735,i_5711
u_0251,i_7710,i_4326,i_2545,i_0645,i_5215
u_0252,i_0978,i_1062,i_5609,i_0794,i_4040
u_0253,i_8414,i_8413,i_5738,i_3473,i_5434
u_0254,i_8467,i_7425,i_7262,i_0942,i_3451
u_0255,i_8244,i_5835,i_1957,i_3879,i_2712
u_0256,i_6827,i_1474,i_0809,i_1603,i_5646
u_0257,i_6089,i_3441,i_5007,i_1549,i_2878
u_0258,i_1895,i_3972,i_4717,i_6362,i_1987
u_0259,i_7157,i_7146,i_5355,i_5632,i_7759
u_0260,i_1796,i_3082,i_4446,i_4962,i_2712
u_0261,i_5611,i_6194,i_8410,i_6454,i_3640
u_0262,i_0533,i_1628,i_4224,i_7534,i_6268
u_0263,i_0799,i_7712,i_5325,i_1415,i_3474
u_0264,i_3782,i_5259,i_8677,i_1246,i_7923
u_0265,i_3292,i_4781,i_0524,i_6023,i_7261
u_0266,i_8113,i_7544,i_0156,i_3634,i_0293
u_0267,i_8551,i_0875,i_0495,i_3642,i_5370
u_0268,i_7915,i_6703,i_6193,i_6330,i_4093
u_0269,i_8613,i_8655,i_4931,i_4672,i_1398
u_0270,i_1346,i_7157,i_3241,i_5835,i_4678
u_0271,i_1766,i_3768,i_1777,i_4024,i_5092
u_0272,i_6264,i_6308,i_4006,i_2194,i_1946
u_0273,i_7127,i_0693,i_8604,i_5466,i_3988
u_0274,i_8055,i_8041,i_6921,i_7440,i_1927
u_0275,i_7043,i_7015,i_8055,i_0837,i_1147
u_0276,i_7619,i_3820,i_6309,i_3963,i_7823
u_0277,i_8559,i_5043,i_3633,i_4281,i_8236
u_0278,i_8009,i_5628,i_1992,i_7311,i_0600
u_0279,i_5878,i_7571,i_5324,i_5074,i_2171
u_0280,i_6661,i_5532,i_1329,i_2686,i_1902
u_0281,i_1983,i_6605,i_4517,i_6546,i_1278
u_0282,i_8070,i_8512,i_7181,i_0007,i_6466
u_0283,i_6741,i_1875,i_7084,i_3251,i_2785
u_0284,i_8335,i_7157,i_3326,i_1395,i_1686
u_0285,i_4376,i_7157,i_3892,i_7133,i_3436
u_0286,i_4573,i_1523,i_1699,i_1784,i_7002
u_0287,i_5142,i_0311,i_3021,i_3668,i_3721
u_0288,i_0005,i_2073,i_0789,i_6639,i_4154
u_0289,i_3380,i_6021,i_3868,i_5191,i_8082
u_0290,i_8617,i_0593,i_8212,i_3358,i_3529
u_0291,i_7619,i_6181,i_8624,i_5501,i_0886
u_0292,i_6882,i_3488,i_2326,i_0844,i_7570
u_0293,i_8148,i_8635,i_8487,i_8444,i_2829
u_0294,i_7400,i_5101,i_7515,i_6257,i_4592
u_0295,i_8575,i_4878,i_8613,i_7192,i_0226
u_0296,i_5957,i_5162,i_5367,i_2461,i_3345
u_0297,i_1858,i_3597,i_2655,i_5206,i_4429
u_0298,i_4335,i_8315,i_4903,i_4662,i_3427
u_0299,i_8290,i_6337,i_5223,i_5916,i_8292
u_0300,i_1346,i_7576,i_2071,i_8485,i_8147
u_0301,i_1251,i_5738,i_1890,i_0906,i_3209
u_0302,i_4878,i_7321,i_0402,i_3628,i_4783
u_0303,i_3082,i_5611,i_1867,i_6224,i_4533
u_0304,i_7827,i_8070,i_4497,i_3062,i_6453
u_0305,i_6771,i_6838,i_6242,i_0587,i_1208
u_0306,i_7313,i_7232,i_5482,i_8571,i_4405
u_0307,i_6418,i_1317,i_6984,i_2134,i_4301
u_0308,i_6798,i_6948,i_8494,i_1239,i_0959
u_0309,i_0022,i_7311,i_8036,i_4739,i_5605
u_0310,i_2108,i_6394,i_3219,i_2912,i_0974
u_0311,i_6250,i_5770,i_6590,i_4634,i_5525
u_0312,i_6830,i_4471,i_2068,i_2822,i_4071
u_0313,i_7279,i_0214,i_2377,i_6827,i_7343
u_0314,i_8149,i_8659,i_8657,i_3366,i_6841
u_0315,i_3082,i_4717,i_5514,i_4614,i_5159
u_0316,i_2416,i_0844,i_8292,i_5898,i_7354
u_0317,i_7498,i_6907,i_0131,i_5339,i_0007
u_0318,i_2082,i_8658,i_4414,i_7347,i_0319
u_0319,i_3339,i_6129,i_5248,i_5676,i_3679
u_0320,i_8450,i_1477,i_2362,i_4201,i_6142
u_0321,i_6394,i_4949,i_7002,i_4212,i_1243
u_0322,i_6009,i_5611,i_8257,i_6796,i_0485
u_0323,i_0051,i_2043,i_4545,i_4918,i_4158
u_0324,i_6749,i_8483,i_2094,i_8060,i_1935
u_0325,i_7771,i_7786,i_2675,i_6441,i_0686
u_0326,i_5325,i_2859,i_3509,i_3378,i_4750
u_0327,i_7803,i_4616,i_1802,i_5719,i_7419
u_0328,i_7825,i_0518,i_3413,i_8257,i_0516
u_0329,i_6100,i_3082,i_1571,i_0642,i_3534
u_0330,i_7092,i_6653,i_8662,i_4005,i_3176
u_0331,i_8116,i_1718,i_6183,i_6968,i_3863
u_0332,i_4335,i_2921,i_3351,i_7940,i_0912
u_0333,i_7229,i_7937,i_0793,i_0337,i_1395
u_0334,i_7984,i_5450,i_6663,i_4569,i_8183
u_0335,i_8559,i_4373,i_7572,i_7440,i_8040
u_0336,i_3696,i_6245,i_1472,i_3143,i_8661
u_0337,i_8649,i_7661,i_4454,i_7741,i_0287
u_0338,i_6009,i_6827,i_6662,i_0941,i_4686
u_0339,i_4382,i_4912,i_0765,i_0273,i_3979
u_0340,i_6922,i_4335,i_3096,i_0112,i_2482
u_0341,i_4729,i_5666,i_6108,i_5955,i_4827
u_0342,i_4179,i_4418,i_7988,i_1490,i_4852
u_0343,i_6195,i_7619,i_7920,i_3385,i_8445
u_0344,i_6688,i_2584,i_1678,i_7339,i_6276
u_0345,i_6625,i_1979,i_7817,i_7218,i_7985
u_0346,i_4937,i_8401,i_3949,i_5755,i_7578
u_0347,i_5308,i_8513,i_3154,i_0607,i_2571
u_0348,i_8417,i_8424,i_6674,i_6404,i_7517
u_0349,i_7937,i_8136,i_1026,i_1654,i_6442
u_0350,i_8375,i_7912,i_5584,i_5061,i_4533
u_0351,i_7960,i_2506,i_8637,i_4218,i_7907
u_0352,i_2847,i_1796,i_6340,i_5812,i_1390
u_0353,i_3318,i_1045,i_0135,i_4092,i_1231
u_0354,i_7207,i_1931,i_1475,i_4770,i_2177
u_0355,i_8174,i_5063,i_5580,i_3309,i_4859
u_0356,i_6288,i_6913,i_4503,i_4270,i_5617
u_0357,i_2082,i_6905,i_4860,i_0075,i_7591
u_0358,i_4723,i_7949,i_6598,i_4730,i_1936
u_0359,i_3955,i_5965,i_2499,i_0662,i_6892
u_0360,i_3457,i_0957,i_5880,i_0756,i_4376
u_0361,i_7027,i_0505,i_8069,i_3796,i_1211
u_0362,i_7426,i_7623,i_6821,i_1784,i_7029
u_0363,i_0477,i_6898,i_7923,i_1316,i_3142
u_0364,i_7138,i_6782,i_4284,i_7570,i_5040
u_0365,i_7920,i_5944,i_5477,i_4437,i_5646
u_0366,i_1838,i_2100,i_4680,i_8412,i_5314
u_0367,i_7417,i_8615,i_0342,i_8581,i_2123
u_0368,i_6615,i_2175,i_1245,i_5607,i_5662
u_0369,i_5223,i_1781,i_1176,i_3002,i_4501
u_0370,i_5219,i_4392,i_5749,i_2603,i_6023
u_0371,i_7244,i_4096,i_8170,i_8552,i_2123
u_0372,i_5763,i_6282,i_4630,i_1997,i_3928
u_0373,i_5592,i_3263,i_5516,i_6258,i_7908
u_0374,i_6823,i_8358,i_7619,i_1318,i_6165
u_0375,i_1885,i_5169,i_6173,i_8105,i_8147
u_0376,i_8070,i_6009,i_5992,i_7788,i_4233
u_0377,i_5931,i_4043,i_3326,i_8620,i_6034
u_0378,i_6543,i_3957,i_5963,i_0737,i_1273
u_0379,i_7836,i_7771,i_7398,i_5281,i_0652
u_0380,i_5283,i_6308,i_5953,i_5514,i_6243
u_0381,i_5770,i_7112,i_2647,i_6622,i_0617
u_0382,i_3550,i_3339,i_2203,i_3503,i_4669
u_0383,i_4108,i_6546,i_3262,i_3329,i_3590
u_0384,i_6018,i_6489,i_3224,i_1187,i_4900
u_0385,i_7829,i_5070,i_4376,i_4477,i_2392
u_0386,i_1922,i_6831,i_3079,i_2024,i_6346
u_0387,i_7717,i_4875,i_3441,i_3811,i_3265
u_0388,i_7364,i_3169,i_6530,i_0372,i_0458
u_0389,i_8041,i_3339,i_6060,i_0254,i_8605
u_0390,i_4982,i_2975,i_7772,i_4908,i_6754
u_0391,i_6450,i_0877,i_7467,i_4017,i_2863
u_0392,i_6150,i_2416,i_5462,i_6906,i_8168
u_0393,i_1386,i_7076,i_4040,i_3326,i_6243
u_0394,i_5893,i_5109,i_5047,i_0912,i_6874
u_0395,i_2831,i_4457,i_1370,i_4813,i_7135
u_0396,i_4507,i_1036,i_0432,i_8407,i_7505
u_0397,i_4188,i_5595,i_8626,i_3217,i_5912
u_0398,i_3759,i_2251,i_5116,i_6998,i_1285
u_0399,i_6168,i_7496,i_2381,i_1782,i_5524
u_0400,i_8220,i_4243,i_2469,i_2282,i_1216
u_0401,i_4335,i_3600,i_6686,i_6300,i_2188
u_0402,i_7093,i_7809,i_3091,i_2979,i_6243
u_0403,i_8290,i_4437,i_0473,i_8467,i_5552
u_0404,i_7704,i_3186,i_2454,i_3169,i_2234
u_0405,i_2978,i_4962,i_5544,i_1681,i_0395
u_0406,i_7157,i_1890,i_3757,i_3851,i_1350
u_0407,i_7670,i_3352,i_6411,i_7979,i_7587
u_0408,i_0282,i_0305,i_8050,i_7445,i_2976
u_0409,i_7211,i_7333,i_3089,i_5126,i_0725
u_0410,i_7138,i_0654,i_3796,i_1207,i_2617
u_0411,i_6189,i_6770,i_6114,i_1140,i_0090
u_0412,i_7858,i_7368,i_0571,i_2729,i_4735
u_0413,i_3135,i_6150,i_2167,i_6009,i_8602
u_0414,i_6559,i_0968,i_7116,i_5324,i_7042
u_0415,i_1838,i_4917,i_0315,i_1642,i_5670
u_0416,i_8463,i_5946,i_2157,i_8005,i_5067
u_0417,i_1173,i_1363,i_1522,i_4755,i_0533
u_0418,i_7633,i_5252,i_6438,i_7053,i_8013
u_0419,i_5770,i_5483,i_6777,i_2139,i_4189
u_0420,i_4754,i_3075,i_7079,i_8250,i_5632
u_0421,i_7920,i_8172,i_7971,i_2262,i_2350
u_0422,i_3380,i_8070,i_3015,i_7772,i_6000
u_0423,i_6034,i_7690,i_6839,i_5465,i_4318
u_0424,i_6008,i_6549,i_4448,i_2209,i_3010
u_0425,i_6359,i_2291,i_0797,i_7577,i_5191
u_0426,i_2615,i_7187,i_2476,i_8289,i_1782
u_0427,i_4731,i_3229,i_1477,i_2899,i_3832
u_0428,i_4578,i_7153,i_6125,i_8562,i_5912
u_0429,i_0427,i_1157,i_3773,i_5297,i_0187
u_0430,i_8146,i_7982,i_4574,i_0712,i_1628
u_0431,i_0514,i_7690,i_2745,i_6773,i_6567
u_0432,i_4358,i_1751,i_0684,i_3837,i_2112
u_0433,i_7444,i_6666,i_5255,i_4535,i_8548
u_0434,i_6850,i_5364,i_5628,i_3750,i_1472
u_0435,i_7457,i_7079,i_1548,i_5935,i_0141
u_0436,i_3136,i_3872,i_7059,i_4614,i_2013
u_0437,i_7263,i_8155,i_8312,i_7801,i_7703
u_0438,i_7661,i_8344,i_2135,i_1036,i_7666
u_0439,i_2320,i_7123,i_2812,i_0857,i_3660
u_0440,i_4523,i_8486,i_1400,i_7247,i_2696
u_0441,i_6418,i_5498,i_2181,i_4910,i_7379
u_0442,i_7616,i_7644,i_6418,i_1778,i_3839
u_0443,i_7146,i_5770,i_8443,i_0461,i_3759
u_0444,i_6616,i_6308,i_5658,i_3428,i_1868
u_0445,i_6423,i_2440,i_7047,i_3738,i_0762
u_0446,i_8041,i_7771,i_6099,i_0594,i_2342
u_0447,i_4703,i_4522,i_7526,i_6460,i_7266
u_0448,i_5606,i_3568,i_4062,i_6154,i_2187
u_0449,i_6030,i_6288,i_5035,i_3309,i_3832
u_0450,i_5935,i_7737,i_6826,i_2512,i_1266
u_0451,i_8174,i_6676,i_6808,i_6295,i_3460
u_0452,i_4205,i_4986,i_4903,i_5714,i_1928
u_0453,i_8410,i_7879,i_6448,i_6053,i_6038
u_0454,i_2437,i_2392,i_0977,i_2996,i_0899
u_0455,i_1703,i_0592,i_4791,i_4102,i_5092
u_0456,i_6030,i_5117,i_1326,i_8641,i_1969
u_0457,i_2615,i_3879,i_5411,i_5825,i_1398
u_0458,i_3680,i_2846,i_6285,i_7053,i_6832
u_0459,i_7676,i_6162,i_5718,i_3679,i_6886
u_0460,i_7879,i_4435,i_5519,i_8550,i_2147
u_0461,i_2852,i_3137,i_3079,i_0115,i_1928
u_0462,i_1435,i_5835,i_3377,i_8457,i_7912
u_0463,i_5078,i_1598,i_3028,i_7394,i_7176
u_0464,i_5047,i_2049,i_1752,i_6789,i_1953
u_0465,i_4071,i_4881,i_4376,i_0850,i_5588
u_0466,i_7122,i_6136,i_3788,i_8050,i_1378
u_0467,i_5606,i_3043,i_7589,i_6196,i_8362
u_0468,i_8041,i_3088,i_6720,i_7187,i_2676
u_0469,i_6756,i_0234,i_0317,i_1358,i_6351
u_0470,i_6126,i_6718,i_5185,i_5770,i_0032
u_0471,i_1522,i_2828,i_6707,i_7892,i_5141
u_0472,i_6018,i_8166,i_6821,i_0384,i_1521
u_0473,i_6277,i_1653,i_4940,i_0625,i_2910
u_0474,i_2333,i_5570,i_6409,i_6672,i_7273
u_0475,i_0327,i_0063,i_4945,i_1154,i_5260
u_0476,i_3133,i_1303,i_8349,i_6668,i_8605
u_0477,i_0569,i_3960,i_7183,i_0716,i_2900
u_0478,i_8617,i_7522,i_7920,i_5989,i_5514
u_0479,i_1979,i_1842,i_2260,i_0791,i_4004
u_0480,i_6871,i_7031,i_6405,i_7281,i_4087
u_0481,i_3439,i_0818,i_2095,i_3002,i_3761
u_0482,i_8242,i_3339,i_3754,i_3483,i_1147
u_0483,i_8300,i_8261,i_4347,i_2658,i_7463
u_0484,i_8041,i_2656,i_8055,i_4415,i_2394
u_0485,i_5518,i_1431,i_6338,i_1474,i_6051
u_0486,i_3796,i_4555,i_1107,i_6639,i_1743
u_0487,i_8159,i_2320,i_5256,i_3937,i_4734
u_0488,i_8129,i_1699,i_8304,i_5795,i_3657
u_0489,i_1930,i_4591,i_5213,i_8126,i_6981
u_0490,i_8041,i_7223,i_4529,i_3231,i_7588
u_0491,i_7299,i_7863,i_7186,i_1597,i_2253
u_0492,i_0411,i_6061,i_1966,i_8584,i_4425
u_0493,i_8676,i_8153,i_4935,i_6501,i_1095
u_0494,i_8160,i_0464,i_7850,i_5796,i_4982
u_0495,i_7788,i_7179,i_5576,i_2490,i_3123
u_0496,i_8314,i_6413,i_7782,i_2281,i_8386
u_0497,i_1838,i_8070,i_6835,i_3959,i_3565
u_0498,i_7137,i_2059,i_7839,i_6986,i_2671
u_0499,i_7547,i_6168,i_6002,i_4533,i_8370
u_0500,i_4661,i_4409,i_8215,i_0216,i_4862
u_0501,i_8291,i_8223,i_6308,i_1315,i_6901
u_0502,i_2118,i_6481,i_6362,i_8105,i_8597
u_0503,i_7313,i_3332,i_4331,i_4702,i_2512
u_0504,i_4338,i_7921,i_4818,i_6496,i_4563
u_0505,i_3993,i_2543,i_2555,i_4294,i_6628
u_0506,i_4376,i_4343,i_7620,i_8024,i_1609
u_0507,i_8559,i_2124,i_3705,i_0514,i_5990
u_0508,i_2494,i_1722,i_2579,i_1626,i_4863
u_0509,i_5608,i_6898,i_6937,i_8248,i_6200
u_0510,i_2566,i_0124,i_6336,i_0693,i_7948
u_0511,i_2674,i_2671,i_0336,i_4758,i_2134
u_0512,i_1185,i_5100,i_1090,i_1782,i_5997
u_0513,i_6100,i_8016,i_4910,i_3174,i_4959
u_0514,i_0762,i_6388,i_2602,i_1089,i_6202
u_0515,i_7515,i_3822,i_7498,i_0255,i_1442
u_0516,i_3041,i_1627,i_0455,i_8348,i_4940
u_0517,i_7622,i_8356,i_3880,i_3588,i_2062
u_0518,i_3595,i_5741,i_2969,i_4049,i_2968
u_0519,i_5650,i_2478,i_4692,i_6148,i_4814
u_0520,i_4335,i_5611,i_8469,i_1235,i_7771
u_0521,i_8069,i_8248,i_6163,i_1347,i_3484
u_0522,i_2758,i_1033,i_4719,i_0826,i_2346
u_0523,i_1598,i_1982,i_4812,i_3356,i_5552
u_0524,i_8041,i_8412,i_2205,i_4924,i_2238
u_0525,i_7871,i_3771,i_5690,i_6754,i_0924
u_0526,i_7571,i_7138,i_7681,i_4553,i_2635
u_0527,i_7676,i_7498,i_4180,i_4486,i_0507
u_0528,i_1336,i_1558,i_6292,i_4280,i_3134
u_0529,i_5611,i_1423,i_7837,i_0036,i_1767
u_0530,i_3723,i_3236,i_3265,i_8580,i_7409
u_0531,i_5043,i_8524,i_4036,i_1023,i_1615
u_0532,i_5405,i_4437,i_1440,i_6415,i_0076
u_0533,i_2469,i_0156,i_1570,i_3695,i_4502
u_0534,i_5738,i_3344,i_2532,i_3951,i_0755
u_0535,i_8166,i_8628,i_1540,i_0647,i_4516
u_0536,i_6269,i_7321,i_1739,i_4660,i_6688
u_0537,i_3126,i_5196,i_7090,i_6565,i_0357
u_0538,i_7920,i_0442,i_8174,i_0638,i_0487
u_0539,i_0373,i_5688,i_4376,i_4835,i_6358
u_0540,i_3339,i_1645,i_3798,i_5303,i_1241
u_0541,i_8666,i_3304,i_1307,i_6355,i_2310
u_0542,i_7305,i_7922,i_8351,i_5756,i_0028
u_0543,i_4912,i_6266,i_0752,i_5684,i_2188
u_0544,i_7889,i_3694,i_8223,i_7923,i_5372
u_0545,i_6425,i_3623,i_6849,i_4283,i_5896
u_0546,i_4437,i_5628,i_0070,i_4200,i_2516
u_0547,i_6100,i_5899,i_3098,i_5966,i_3869
u_0548,i_7703,i_7468,i_0312,i_0477,i_4701
u_0549,i_1156,i_5505,i_3251,i_5305,i_6416
u_0550,i_4127,i_4002,i_6418,i_8076,i_2056
u_0551,i_5196,i_8363,i_7804,i_6911,i_1818
u_0552,i_6477,i_0139,i_5192,i_0518,i_6164
u_0553,i_6291,i_5619,i_5612,i_3192,i_5350
u_0554,i_4761,i_5280,i_1212,i_3558,i_4658
u_0555,i_2758,i_7001,i_7078,i_8168,i_8119
u_0556,i_8463,i_7321,i_5205,i_5619,i_2207
u_0557,i_8131,i_2100,i_6788,i_5870,i_3230
u_0558,i_6184,i_5565,i_7473,i_3794,i_2460
u_0559,i_6308,i_5770,i_7828,i_4635,i_7823
u_0560,i_7460,i_6913,i_7486,i_1984,i_5246
u_0561,i_1079,i_2596,i_3734,i_5043,i_1316
u_0562,i_7007,i_6060,i_4885,i_7795,i_1002
u_0563,i_2545,i_2416,i_0762,i_2173,i_7446
u_0564,i_0289,i_2022,i_2826,i_7678,i_4674
u_0565,i_1355,i_6881,i_3542,i_6123,i_4339
u_0566,i_7440,i_1347,i_4925,i_3061,i_1225
u_0567,i_6883,i_5923,i_1922,i_3917,i_0649
u_0568,i_5101,i_5611,i_0107,i_1025,i_3008
u_0569,i_7153,i_6881,i_4928,i_3469,i_7410
u_0570,i_0314,i_8017,i_4984,i_4601,i_6607
u_0571,i_5129,i_3380,i_7184,i_6779,i_4683
u_0572,i_5644,i_8454,i_7918,i_3083,i_3312
u_0573,i_5882,i_6418,i_0782,i_6976,i_1473
u_0574,i_6239,i_3896,i_8414,i_6248,i_3992
u_0575,i_8383,i_4208,i_1838,i_1640,i_0458
u_0576,i_5815,i_5592,i_2160,i_5633,i_4714
u_0577,i_0211,i_5628,i_0673,i_1378,i_7653
u_0578,i_1807,i_8501,i_8041,i_1515,i_5552
u_0579,i_6885,i_2073,i_8532,i_1576,i_1352
u_0580,i_7372,i_8586,i_6522,i_4275,i_6597
u_0581,i_8213,i_4344,i_7085,i_4090,i_4547
u_0582,i_1940,i_6798,i_0899,i_2178,i_4556
u_0583,i_7464,i_6967,i_1848,i_4070,i_6023
u_0584,i_5689,i_5835,i_0366,i_6296,i_4510
u_0585,i_4770,i_0875,i_4437,i_7247,i_4892
u_0586,i_2960,i_2168,i_0649,i_2273,i_1215
u_0587,i_7920,i_7710,i_7923,i_8184,i_0827
u_0588,i_4504,i_6185,i_8174,i_5204,i_6320
u_0589,i_4437,i_0514,i_0311,i_7587,i_5155
u_0590,i_4568,i_5766,i_2898,i_4236,i_7002
u_0591,i_1891,i_2310,i_5203,i_4594,i_0125
u_0592,i_8072,i_8279,i_0763,i_0319,i_3278
u_0593,i_3407,i_4412,i_8073,i_6959,i_8308
u_0594,i_6837,i_8503,i_8410,i_4909,i_7242
u_0595,i_6473,i_8590,i_0832,i_8447,i_1652
u_0596,i_4272,i_3743,i_7338,i_4715,i_4531
u_0597,i_7609,i_4770,i_3736,i_5063,i_1281
u_0598,i_5092,i_8571,i_5024,i_3679,i_4461
u_0599,i_8608,i_7522,i_0943,i_6425,i_3154
u_0600,i_5690,i_1018,i_6656,i_7859,i_7243
u_0601,i_3098,i_8070,i_3671,i_8553,i_4291
u_0602,i_2828,i_8055,i_5831,i_0015,i_6106
u_0603,i_3355,i_7235,i_4827,i_4439,i_8083
u_0604,i_7982,i_6418,i_6540,i_4274,i_7685
u_0605,i_4912,i_7499,i_3314,i_2480,i_0864
u_0606,i_6553,i_7174,i_5848,i_5125,i_1922
u_0607,i_6104,i_6030,i_8073,i_1777,i_5706
u_0608,i_7322,i_6145,i_1711,i_4375,i_5143
u_0609,i_4325,i_1782,i_2278,i_2163,i_1730
u_0610,i_7605,i_3983,i_3332,i_8152,i_7109
u_0611,i_1838,i_8041,i_1857,i_5144,i_4450
u_0612,i_8511,i_7784,i_5939,i_2503,i_0395
u_0613,i_1346,i_6282,i_4215,i_1860,i_7995
u_0614,i_7836,i_5740,i_7082,i_7387,i_1724
u_0615,i_8424,i_8666,i_7878,i_6418,i_5085
u_0616,i_4770,i_8017,i_7280,i_3083,i_0757
u_0617,i_4335,i_4717,i_0803,i_4526,i_0816
u_0618,i_1560,i_6427,i_6173,i_1268,i_3331
u_0619,i_6204,i_7215,i_5067,i_1970,i_7255
u_0620,i_5803,i_4986,i_6050,i_5144,i_6603
u_0621,i_8089,i_1100,i_3670,i_8393,i_1006
u_0622,i_7157,i_8041,i_0816,i_4834,i_2398
u_0623,i_7099,i_5668,i_3323,i_3082,i_7913
u_0624,i_8657,i_5151,i_8433,i_5778,i_0368
u_0625,i_8520,i_7157,i_4965,i_0854,i_4550
u_0626,i_7094,i_6773,i_8304,i_1498,i_0743
u_0627,i_2383,i_1642,i_2224,i_6537,i_0668
u_0628,i_3820,i_7426,i_7214,i_2575,i_1796
u_0629,i_5129,i_5572,i_7357,i_3435,i_1011
u_0630,i_1299,i_0246,i_3357,i_4429,i_5092
u_0631,i_3118,i_1389,i_1197,i_1782,i_1128
u_0632,i_5465,i_4827,i_5136,i_7534,i_7485
u_0633,i_2333,i_3028,i_2185,i_4280,i_1006
u_0634,i_8113,i_8361,i_5058,i_3900,i_1325
u_0635,i_7761,i_8316,i_1301,i_2581,i_4103
u_0636,i_5427,i_3081,i_6352,i_5137,i_4350
u_0637,i_5151,i_6958,i_1233,i_5135,i_4380
u_0638,i_2952,i_2610,i_5190,i_3615,i_3814
u_0639,i_7157,i_6418,i_2161,i_1434,i_2733
u_0640,i_6169,i_8291,i_1783,i_0088,i_8568
u_0641,i_4801,i_7357,i_3958,i_2618,i_1071
u_0642,i_6030,i_7282,i_8267,i_0925,i_6740
u_0643,i_4750,i_4612,i_0606,i_5035,i_6462
u_0644,i_5578,i_0762,i_5506,i_7529,i_7328
u_0645,i_3700,i_8582,i_2260,i_2524,i_2380
u_0646,i_6596,i_5290,i_2059,i_2505,i_3310
u_0647,i_6765,i_6529,i_7506,i_7114,i_2336
u_0648,i_8070,i_0654,i_4062,i_5282,i_2815
u_0649,i_5738,i_3868,i_1624,i_0762,i_7991
u_0650,i_6733,i_3339,i_5530,i_6866,i_5453
u_0651,i_6308,i_1838,i_2391,i_0280,i_3083
u_0652,i_7698,i_7776,i_5555,i_5765,i_2257
u_0653,i_6206,i_4937,i_4655,i_7859,i_1225
u_0654,i_0734,i_7851,i_7050,i_4975,i_1740
u_0655,i_3411,i_2210,i_5018,i_2510,i_8432
u_0656,i_5878,i_5785,i_0451,i_7750,i_6259
u_0657,i_5692,i_1522,i_4302,i_7039,i_3464
u_0658,i_8393,i_5058,i_2167,i_6447,i_6101
u_0659,i_0832,i_3972,i_3339,i_6083,i_5018
u_0660,i_6841,i_7739,i_3497,i_6330,i_4023
u_0661,i_6242,i_6233,i_0565,i_2759,i_3552
u_0662,i_7420,i_4641,i_0052,i_8317,i_0649
u_0663,i_7836,i_4514,i_4703,i_6259,i_3148
u_0664,i_6935,i_5110,i_0734,i_1897,i_1407
u_0665,i_8408,i_6308,i_7157,i_8132,i_3446
u_0666,i_7836,i_3261,i_5517,i_4679,i_6389
u_0667,i_8344,i_1399,i_6524,i_8250,i_0922
u_0668,i_1986,i_4069,i_2226,i_7073,i_4662
u_0669,i_7616,i_8048,i_7082,i_1244,i_2188
u_0670,i_5067,i_5324,i_0353,i_5514,i_4554
u_0671,i_5063,i_8136,i_2339,i_6441,i_6465
u_0672,i_3161,i_2504,i_2682,i_3294,i_2515
u_0673,i_8272,i_5630,i_0082,i_7226,i_2333
u_0674,i_6501,i_6366,i_2694,i_0167,i_4885
u_0675,i_7523,i_8031,i_4813,i_2549,i_0508
u_0676,i_8341,i_0156,i_2534,i_2681,i_0792
u_0677,i_5984,i_6058,i_3751,i_1782,i_3855
u_0678,i_3835,i_3885,i_2670,i_0374,i_6221
u_0679,i_8260,i_7601,i_6604,i_7920,i_4189
u_0680,i_2628,i_4130,i_2835,i_1841,i_2894
u_0681,i_7504,i_8051,i_6427,i_6411,i_6347
u_0682,i_6322,i_4428,i_5018,i_7826,i_3190
u_0683,i_2946,i_6308,i_1244,i_6887,i_7729
u_0684,i_3983,i_2251,i_7616,i_4117,i_2076
u_0685,i_6189,i_6282,i_5612,i_4678,i_1441
u_0686,i_2846,i_3488,i_7545,i_8364,i_5829
u_0687,i_7036,i_7834,i_6289,i_6260,i_0485
u_0688,i_1560,i_8678,i_8320,i_3408,i_2974
u_0689,i_1205,i_4917,i_1126,i_2474,i_0554
u_0690,i_6193,i_6776,i_5594,i_7576,i_2299
u_0691,i_0762,i_6827,i_3471,i_6337,i_2708
u_0692,i_7137,i_8366,i_3487,i_5386,i_6199
u_0693,i_8070,i_5194,i_8338,i_6810,i_2670
u_0694,i_6523,i_7464,i_4598,i_4428,i_5990
u_0695,i_6692,i_8263,i_2477,i_7189,i_8357
u_0696,i_5770,i_0472,i_1060,i_6562,i_0716
u_0697,i_0792,i_2089,i_6755,i_3142,i_2660
u_0698,i_1583,i_4825,i_5096,i_7962,i_0042
u_0699,i_5623,i_6282,i_1062,i_3292,i_2120
u_0700,i_3101,i_1412,i_5483,i_8037,i_0394
u_0701,i_4314,i_4913,i_3517,i_7778,i_2304
u_0702,i_6881,i_4752,i_4202,i_6319,i_2994
u_0703,i_1979,i_3958,i_6989,i_0927,i_5702
u_0704,i_1229,i_3166,i_3561,i_3403,i_7893
u_0705,i_0160,i_5821,i_6527,i_5801,i_3811
u_0706,i_8429,i_8258,i_3594,i_7592,i_1239
u_0707,i_7381,i_6477,i_7704,i_4934,i_0095
u_0708,i_5584,i_3950,i_5593,i_4346,i_3552
u_0709,i_3768,i_5384,i_0770,i_6109,i_1186
u_0710,i_6718,i_7111,i_7172,i_8555,i_3537
u_0711,i_5588,i_5664,i_8283,i_2409,i_5849
u_0712,i_8109,i_6907,i_6188,i_6595,i_5359
u_0713,i_6291,i_5945,i_5080,i_0594,i_4622
u_0714,i_1595,i_5538,i_4190,i_3962,i_6630
u_0715,i_8450,i_5356,i_8276,i_4023,i_5495
u_0716,i_1115,i_2372,i_2006,i_6619,i_4779
u_0717,i_8041,i_8117,i_6620,i_2582,i_6220
u_0718,i_5379,i_7803,i_5194,i_4025,i_4803
u_0719,i_8211,i_6731,i_7163,i_8377,i_4417
u_0720,i_4548,i_7609,i_5723,i_1020,i_7377
u_0721,i_7595,i_7916,i_3043,i_0189,i_3769
u_0722,i_0257,i_1334,i_4437,i_2570,i_3232
u_0723,i_7776,i_6524,i_4347,i_8673,i_7526
u_0724,i_7927,i_4822,i_7329,i_4963,i_6342
u_0725,i_5490,i_1131,i_8358,i_3014,i_4302
u_0726,i_4155,i_3942,i_3369,i_6318,i_3178
u_0727,i_8076,i_8005,i_7102,i_6520,i_3446
u_0728,i_2828,i_4002,i_0147,i_8371,i_1254
u_0729,i_3110,i_5490,i_5041,i_1423,i_2964
u_0730,i_2543,i_6185,i_6894,i_4712,i_3012
u_0731,i_6226,i_5619,i_7873,i_3399,i_6791
u_0732,i_2240,i_4295,i_4290,i_1470,i_3451
u_0733,i_7616,i_0797,i_7538,i_4431,i_0961
u_0734,i_4958,i_2608,i_3028,i_0914,i_3222
u_0735,i_4480,i_2745,i_7140,i_6415,i_4918
u_0736,i_3355,i_8221,i_8435,i_6032,i_7599
u_0737,i_3684,i_1420,i_2449,i_6243,i_1922
u_0738,i_8150,i_2593,i_1486,i_1977,i_3176
u_0739,i_8215,i_8450,i_2865,i_4044,i_0494
u_0740,i_4704,i_6995,i_1300,i_0571,i_8234
u_0741,i_5418,i_5120,i_6519,i_7846,i_0339
u_0742,i_7386,i_3648,i_8550,i_4750,i_4020
u_0743,i_6798,i_7777,i_7447,i_6980,i_7432
u_0744,i_7396,i_7293,i_7728,i_3016,i_7923
u_0745,i_7214,i_8644,i_0852,i_0622,i_5923
u_0746,i_8543,i_3958,i_8577,i_7027,i_4600
u_0747,i_3601,i_3706,i_3246,i_4485,i_8362
u_0748,i_7859,i_3645,i_4031,i_6271,i_1732
u_0749,i_8613,i_6308,i_1153,i_3282,i_5431
u_0750,i_1796,i_6100,i_2681,i_2295,i_2657
u_0751,i_5535,i_8207,i_0034,i_0167,i_3944
u_0752,i_5927,i_3142,i_5933,i_5104,i_4929
u_0753,i_2384,i_3339,i_2167,i_4262,i_6852
u_0754,i_2444,i_0064,i_5900,i_1770,i_3017
u_0755,i_5946,i_3339,i_1556,i_7073,i_2274
u_0756,i_7920,i_4470,i_5537,i_0696,i_1447
u_0757,i_7945,i_6673,i_5779,i_8546,i_1655
u_0758,i_7525,i_5573,i_1930,i_1577,i_4187
u_0759,i_8410,i_8433,i_6022,i_4433,i_7002
u_0760,i_7309,i_0167,i_7266,i_7073,i_0990
u_0761,i_7420,i_8624,i_7909,i_0340,i_6152
u_0762,i_5333,i_6913,i_8390,i_4189,i_8001
u_0763,i_5337,i_5486,i_5754,i_8071,i_2704
u_0764,i_7955,i_5868,i_2463,i_6068,i_4416
u_0765,i_2609,i_4587,i_7001,i_3998,i_0653
u_0766,i_5815,i_8048,i_7522,i_0243,i_4185
u_0767,i_7783,i_7138,i_6894,i_3241,i_6563
u_0768,i_5986,i_8474,i_7393,i_6038,i_1215
u_0769,i_8041,i_8677,i_2826,i_8501,i_3323
u_0770,i_8558,i_8519,i_7237,i_3977,i_2169
u_0771,i_8559,i_3310,i_8449,i_6142,i_5460
u_0772,i_8464,i_2602,i_6496,i_3915,i_7525
u_0773,i_3239,i_0552,i_2637,i_8656,i_0577
u_0774,i_6141,i_4852,i_3452,i_6388,i_2661
u_0775,i_4770,i_6489,i_7811,i_7097,i_1781
u_0776,i_6009,i_6744,i_3856,i_3665,i_6757
u_0777,i_8070,i_8475,i_4634,i_3160,i_7636
u_0778,i_5571,i_6418,i_2124,i_7486,i_7586
u_0779,i_3425,i_6263,i_0654,i_6271,i_5990
u_0780,i_1522,i_5685,i_2547,i_0075,i_7301
u_0781,i_6009,i_2854,i_7846,i_5617,i_1453
u_0782,i_5746,i_2036,i_4573,i_2610,i_5562
u_0783,i_6446,i_3028,i_4765,i_5565,i_3736
u_0784,i_3083,i_5467,i_7636,i_0587,i_3289
u_0785,i_4335,i_0734,i_1653,i_6363,i_2644
u_0786,i_6841,i_8188,i_2846,i_0295,i_7532
u_0787,i_5937,i_6798,i_7931,i_5691,i_0463
u_0788,i_0762,i_8078,i_4771,i_2583,i_2398
u_0789,i_6959,i_5689,i_0907,i_4828,i_2112
u_0790,i_8411,i_3266,i_3243,i_8180,i_2422
u_0791,i_1994,i_8346,i_6126,i_5620,i_3235
u_0792,i_1796,i_8163,i_0891,i_8414,i_3100
u_0793,i_1940,i_3576,i_7920,i_2539,i_1627
u_0794,i_6009,i_1838,i_3078,i_7056,i_0904
u_0795,i_5930,i_8000,i_6935,i_4462,i_5978
u_0796,i_8648,i_3355,i_5251,i_8012,i_4694
u_0797,i_8076,i_6427,i_5183,i_6500,i_8308
u_0798,i_7978,i_6848,i_3230,i_3569,i_0923
u_0799,i_0825,i_6571,i_8037,i_7184,i_5991
u_0800,i_7426,i_7915,i_3822,i_4313,i_1523
u_0801,i_4326,i_1346,i_7458,i_3501,i_7770
u_0802,i_3457,i_8359,i_3411,i_1203,i_4437
u_0803,i_7247,i_3494,i_8348,i_2636,i_5520
u_0804,i_6150,i_5101,i_4335,i_3242,i_6717
u_0805,i_7387,i_2327,i_7994,i_2982,i_7061
u_0806,i_1838,i_6977,i_6697,i_3693,i_4236
u_0807,i_6876,i_2073,i_8161,i_6997,i_8572
u_0808,i_8652,i_6873,i_3944,i_7947,i_2566
u_0809,i_0315,i_5297,i_3220,i_4208,i_1374
u_0810,i_6877,i_6741,i_4450,i_3369,i_2899
u_0811,i_0968,i_2846,i_1911,i_2818,i_2151
u_0812,i_6245,i_7180,i_0318,i_5549,i_5848
u_0813,i_1334,i_8477,i_1781,i_2920,i_5088
u_0814,i_7433,i_8112,i_0915,i_6841,i_7656
u_0815,i_6241,i_5620,i_0709,i_1984,i_1320
u_0816,i_4215,i_3450,i_2055,i_8287,i_4627
u_0817,i_6245,i_7075,i_5940,i_5673,i_2024
u_0818,i_8645,i_6373,i_5914,i_6761,i_3944
u_0819,i_7357,i_1832,i_2236,i_4853,i_5568
u_0820,i_7966,i_1146,i_5770,i_6209,i_3874
u_0821,i_5158,i_4958,i_0354,i_8178,i_5925
u_0822,i_2775,i_7300,i_6491,i_5370,i_5554
u_0823,i_0861,i_3339,i_0311,i_2208,i_1764
u_0824,i_8215,i_8414,i_8628,i_3013,i_3991
u_0825,i_7890,i_3599,i_5514,i_3501,i_3616
u_0826,i_7157,i_8227,i_1750,i_5193,i_0925
u_0827,i_6030,i_6373,i_8453,i_3229,i_7936
u_0828,i_1449,i_8414,i_8326,i_3173,i_1082
u_0829,i_5249,i_1277,i_1940,i_4562,i_1358
u_0830,i_6213,i_7691,i_5779,i_4259,i_6152
u_0831,i_8073,i_6045,i_1653,i_4793,i_3115
u_0832,i_8436,i_7764,i_5645,i_5731,i_7724
u_0833,i_2354,i_3972,i_3958,i_5073,i_7623
u_0834,i_8000,i_5744,i_6947,i_8028,i_8071
u_0835,i_3441,i_7157,i_6781,i_7883,i_4493
u_0836,i_1313,i_5494,i_3220,i_6383,i_3042
u_0837,i_4926,i_2380,i_5538,i_3436,i_8407
u_0838,i_1644,i_4060,i_2885,i_2844,i_3292
u_0839,i_8399,i_5676,i_8313,i_1654,i_8448
u_0840,i_3771,i_6322,i_7326,i_2767,i_3819
u_0841,i_7920,i_3483,i_8473,i_5829,i_7079
u_0842,i_4220,i_7589,i_2846,i_7710,i_6858
u_0843,i_7451,i_2757,i_0362,i_0762,i_8121
u_0844,i_7427,i_6948,i_3834,i_6142,i_7785
u_0845,i_7734,i_6789,i_8061,i_8289,i_3603
u_0846,i_2236,i_6876,i_8656,i_3591,i_7136
u_0847,i_2609,i_4179,i_5021,i_5640,i_1542
u_0848,i_7433,i_6021,i_8616,i_5606,i_4377
u_0849,i_6009,i_4731,i_3339,i_0663,i_4082
u_0850,i_4970,i_1625,i_0825,i_3731,i_2754
u_0851,i_7421,i_6443,i_6598,i_2013,i_2390
u_0852,i_0825,i_3757,i_4660,i_2457,i_4206
u_0853,i_6226,i_8041,i_4505,i_6273,i_2425
u_0854,i_5663,i_1836,i_6653,i_2877,i_2241
u_0855,i_4421,i_8382,i_2509,i_7926,i_0142
u_0856,i_6216,i_8207,i_1838,i_3372,i_6548
u_0857,i_2615,i_7221,i_4771,i_6360,i_3489
u_0858,i_7500,i_0039,i_7330,i_3172,i_7160
u_0859,i_0157,i_5095,i_1346,i_0121,i_0231
u_0860,i_7836,i_6709,i_4932,i_8547,i_2416
u_0861,i_3380,i_4382,i_7186,i_6456,i_7480
u_0862,i_6239,i_5995,i_4541,i_2351,i_1744
u_0863,i_3953,i_1655,i_5860,i_2783,i_6784
u_0864,i_1838,i_7516,i_1774,i_8457,i_5092
u_0865,i_7849,i_7931,i_4506,i_8482,i_0636
u_0866,i_3958,i_8290,i_6928,i_2171,i_4687
u_0867,i_6231,i_1522,i_0987,i_4408,i_4195
u_0868,i_0313,i_4470,i_0561,i_0792,i_2702
u_0869,i_7520,i_5901,i_5254,i_6826,i_0146
u_0870,i_2380,i_6588,i_0919,i_1365,i_5554
u_0871,i_6827,i_5119,i_8638,i_6292,i_8639
u_0872,i_3802,i_3348,i_6593,i_4704,i_4824
u_0873,i_8614,i_4460,i_4403,i_3828,i_6302
u_0874,i_7108,i_6308,i_4907,i_6999,i_0891
u_0875,i_8353,i_0257,i_6956,i_8318,i_5990
u_0876,i_5827,i_1882,i_8369,i_1605,i_5154
u_0877,i_1796,i_7287,i_8018,i_6897,i_0815
u_0878,i_4330,i_6213,i_2464,i_4394,i_4589
u_0879,i_5651,i_0514,i_3678,i_1963,i_1982
u_0880,i_8390,i_5689,i_4806,i_4184,i_0717
u_0881,i_5062,i_4670,i_3380,i_4716,i_6738
u_0882,i_5960,i_6071,i_8520,i_3619,i_5836
u_0883,i_6961,i_5188,i_2513,i_4335,i_3655
u_0884,i_5686,i_5483,i_0254,i_6442,i_6864
u_0885,i_3614,i_0166,i_8375,i_8125,i_2200
u_0886,i_2310,i_5455,i_5575,i_6846,i_3903
u_0887,i_5090,i_5261,i_2668,i_7980,i_2649
u_0888,i_8577,i_3680,i_2073,i_2625,i_8488
u_0889,i_5782,i_7706,i_2546,i_0374,i_0288
u_0890,i_4056,i_6530,i_4861,i_5552,i_1896
u_0891,i_8316,i_8613,i_8674,i_4655,i_4568
u_0892,i_0825,i_2063,i_2780,i_1083,i_3290
u_0893,i_6241,i_4809,i_2845,i_1043,i_2188
u_0894,i_7162,i_0451,i_4140,i_7353,i_6737
u_0895,i_0311,i_4318,i_0969,i_0945,i_6962
u_0896,i_2483,i_7609,i_1838,i_5257,i_2867
u_0897,i_5021,i_4589,i_3400,i_3078,i_7692
u_0898,i_8418,i_8041,i_5151,i_4616,i_1960
u_0899,i_6182,i_5398,i_4499,i_0988,i_3349
u_0900,i_3483,i_7267,i_3847,i_7032,i_0055
u_0901,i_7027,i_7773,i_4120,i_1378,i_5617
u_0902,i_0797,i_0164,i_6917,i_1946,i_0976
u_0903,i_1582,i_3908,i_7157,i_6338,i_5095
u_0904,i_8262,i_6616,i_1064,i_0845,i_3120
u_0905,i_7981,i_2421,i_1547,i_6819,i_7383
u_0906,i_4923,i_5770,i_6221,i_5758,i_4048
u_0907,i_3401,i_5869,i_3082,i_2353,i_2800
u_0908,i_6009,i_5268,i_7720,i_0490,i_6545
u_0909,i_4112,i_7220,i_0776,i_2886,i_7368
u_0910,i_1522,i_8624,i_1215,i_2281,i_6330
u_0911,i_6890,i_3744,i_4614,i_4321,i_6151
u_0912,i_6009,i_0649,i_1992,i_7710,i_0171
u_0913,i_7487,i_4074,i_5257,i_7440,i_6400
u_0914,i_4185,i_8289,i_4189,i_1832,i_6287
u_0915,i_3265,i_0005,i_7962,i_5000,i_2645
u_0916,i_8136,i_6476,i_6727,i_7401,i_6944
u_0917,i_4390,i_1775,i_3433,i_5235,i_3382
u_0918,i_3694,i_6046,i_3200,i_0583,i_3193
u_0919,i_6726,i_4884,i_7053,i_1269,i_8313
u_0920,i_8219,i_8385,i_7709,i_1816,i_2279
u_0921,i_5576,i_3353,i_8190,i_4259,i_7995
u_0922,i_7214,i_7632,i_3158,i_5426,i_3951
u_0923,i_6618,i_7426,i_7260,i_2598,i_1281
u_0924,i_2791,i_7043,i_1899,i_3375,i_3490
u_0925,i_5445,i_5544,i_5932,i_0247,i_5897
u_0926,i_5252,i_2615,i_4353,i_8246,i_2159
u_0927,i_2386,i_0315,i_0533,i_2142,i_0879
u_0928,i_5555,i_4667,i_8330,i_1067,i_5154
u_0929,i_1838,i_7294,i_5265,i_0515,i_3714
u_0930,i_3987,i_3339,i_6701,i_2998,i_5458
u_0931,i_5798,i_5624,i_4716,i_1294,i_4959
u_0932,i_7751,i_7083,i_4344,i_2094,i_2732
u_0933,i_8586,i_8041,i_0087,i_3219,i_2717
u_0934,i_8450,i_4965,i_6322,i_8377,i_4603
u_0935,i_7788,i_5744,i_1729,i_3905,i_2860
u_0936,i_4719,i_7924,i_8558,i_1890,i_6895
u_0937,i_8549,i_7920,i_5471,i_6286,i_8139
u_0938,i_1985,i_6418,i_7157,i_1418,i_2548
u_0939,i_6505,i_1400,i_1586,i_0521,i_7749
u_0940,i_6656,i_8070,i_6009,i_1135,i_2686
u_0941,i_7701,i_4365,i_6533,i_6831,i_6756
u_0942,i_8560,i_8678,i_5664,i_4958,i_1830
u_0943,i_8433,i_8076,i_3352,i_6917,i_1911
u_0944,i_7332,i_4335,i_7073,i_7458,i_1243
u_0945,i_4885,i_1757,i_6496,i_4373,i_0992
u_0946,i_4284,i_4800,i_4460,i_7157,i_2517
u_0947,i_8458,i_3024,i_7082,i_1099,i_6240
u_0948,i_6170,i_1522,i_4794,i_5680,i_1410
u_0949,i_2101,i_7161,i_8560,i_8490,i_1628
u_0950,i_7571,i_8375,i_0225,i_6192,i_6433
u_0951,i_7055,i_8270,i_3578,i_6122,i_6462
u_0952,i_5781,i_4051,i_1310,i_1191,i_6940
u_0953,i_6949,i_7742,i_6064,i_7532,i_4228
u_0954,i_3930,i_4383,i_4470,i_1320,i_2532
u_0955,i_8307,i_0561,i_3232,i_1922,i_2188
u_0956,i_6643,i_8525,i_2402,i_3123,i_4544
u_0957,i_0649,i_2517,i_0828,i_7778,i_8466
u_0958,i_7373,i_8069,i_5615,i_4403,i_2974
u_0959,i_4335,i_0859,i_8070,i_1269,i_4718
u_0960,i_8276,i_0780,i_0816,i_8410,i_1395
u_0961,i_8041,i_7001,i_3254,i_5844,i_7991
u_0962,i_8399,i_4225,i_6308,i_0175,i_0726
u_0963,i_8282,i_6836,i_2644,i_7143,i_0899
u_0964,i_4215,i_5014,i_7767,i_3331,i_6430
u_0965,i_4326,i_6030,i_8629,i_8221,i_7597
u_0966,i_3893,i_8375,i_6009,i_4636,i_7516
u_0967,i_8012,i_8466,i_1920,i_6737,i_0308
u_0968,i_6802,i_6150,i_6359,i_5329,i_3438
u_0969,i_4382,i_4554,i_3662,i_8191,i_6073
u_0970,i_2702,i_2391,i_8406,i_1075,i_7618
u_0971,i_4335,i_5370,i_6757,i_4830,i_2828
u_0972,i_2853,i_5448,i_2946,i_7269,i_3096
u_0973,i_3476,i_0913,i_2576,i_6983,i_2220
u_0974,i_4435,i_8359,i_1534,i_1479,i_6474
u_0975,i_2654,i_5675,i_5879,i_6644,i_4135
u_0976,i_1714,i_0822,i_6124,i_1715,i_0497
u_0977,i_4335,i_7294,i_4559,i_1637,i_6123
u_0978,i_6893,i_7334,i_2272,i_5843,i_7976
u_0979,i_5539,i_1867,i_1737,i_8029,i_2686
u_0980,i_3893,i_6668,i_0084,i_7363,i_8649
u_0981,i_6308,i_6824,i_3673,i_7795,i_1073
u_0982,i_7317,i_7157,i_2416,i_3901,i_0499
u_0983,i_2811,i_1678,i_4958,i_0147,i_7721
u_0984,i_7141,i_4409,i_6954,i_8547,i_0923
u_0985,i_6486,i_5230,i_2092,i_5866,i_5568
u_0986,i_7134,i_7181,i_6010,i_3267,i_6886
u_0987,i_2851,i_7939,i_5297,i_1519,i_7914
u_0988,i_4267,i_4290,i_5136,i_8679,i_6009
u_0989,i_2662,i_6264,i_5647,i_6243,i_4442
u_0990,i_7091,i_7508,i_0305,i_8236,i_4958
u_0991,i_0514,i_4376,i_1889,i_1072,i_0545
u_0992,i_7050,i_5026,i_4947,i_8226,i_0352
u_0993,i_2831,i_7236,i_1030,i_7445,i_4716
u_0994,i_4822,i_3884,i_5177,i_6211,i_4055
u_0995,i_6331,i_1542,i_6729,i_3327,i_2629
u_0996,i_7345,i_4290,i_5881,i_0060,i_3369
u_0997,i_8220,i_4807,i_8541,i_5380,i_4335
u_0998,i_3983,i_4290,i_0441,i_0303,i_2365
u_0999,i_5595,i_5777,i_4474,i_2635,i_5902
u_1000,i_2846,i_1911,i_0570,i_3069,i_2712
u_1001,i_6710,i_8007,i_1766,i_0411,i_4048
u_1002,i_8125,i_8469,i_3497,i_8169,i_2509
u_1003,i_6811,i_0950,i_4126,i_1922,i_4167
u_1004,i_2822,i_7444,i_2597,i_8236,i_6756
u_1005,i_6184,i_2210,i_2334,i_8227,i_8284
u_1006,i_4099,i_5157,i_5209,i_3412,i_5393
u_1007,i_5283,i_5308,i_3081,i_4116,i_8308
u_1008,i_7623,i_0572,i_1187,i_7236,i_5167
u_1009,i_8041,i_4279,i_7047,i_6388,i_1710
u_1010,i_6264,i_0881,i_0491,i_6319,i_6102
u_1011,i_3339,i_2565,i_1504,i_2708,i_2359
u_1012,i_8501,i_8227,i_8624,i_2089,i_0081
u_1013,i_5427,i_3034,i_3985,i_5110,i_6335
u_1014,i_3510,i_6882,i_1890,i_1407,i_3962
u_1015,i_7920,i_2522,i_8450,i_2873,i_2994
u_1016,i_4335,i_6827,i_5795,i_4295,i_8290
u_1017,i_6021,i_5370,i_1826,i_1678,i_0800
u_1018,i_8215,i_4770,i_6024,i_5231,i_0858
u_1019,i_7049,i_8270,i_8290,i_5584,i_3499
u_1020,i_2960,i_8209,i_0377,i_3933,i_1770
u_1021,i_1653,i_1910,i_2028,i_5744,i_1410
u_1022,i_4719,i_5611,i_6483,i_8369,i_5717
u_1023,i_2851,i_8624,i_6606,i_1796,i_3921
u_1024,i_6758,i_6532,i_8471,i_4983,i_5793
u_1025,i_1269,i_0971,i_7952,i_2862,i_1714
u_1026,i_7223,i_1742,i_2461,i_1019,i_7720
u_1027,i_1311,i_6390,i_5837,i_0311,i_6722
u_1028,i_3318,i_6389,i_4096,i_6318,i_8573
u_1029,i_0649,i_5563,i_6008,i_5857,i_3989
u_1030,i_5991,i_5469,i_6989,i_5982,i_6748
u_1031,i_4958,i_8186,i_3854,i_4400,i_0353
u_1032,i_3743,i_7957,i_4182,i_6782,i_8053
u_1033,i_8643,i_0797,i_8529,i_2205,i_5246
u_1034,i_0662,i_0311,i_0201,i_2146,i_3207
u_1035,i_3956,i_7655,i_1890,i_6352,i_2897
u_1036,i_3644,i_5611,i_3020,i_6272,i_0807
u_1037,i_0120,i_1782,i_6688,i_4422,i_0579
u_1038,i_8390,i_8626,i_8094,i_3444,i_0056
u_1039,i_3098,i_8143,i_2529,i_0577,i_5556
u_1040,i_4987,i_1501,i_2673,i_1169,i_1981
u_1041,i_1126,i_2258,i_0000,i_1761,i_6527
u_1042,i_8070,i_7571,i_7006,i_0758,i_1922
u_1043,i_8274,i_7499,i_0398,i_0963,i_5616
u_1044,i_7806,i_6537,i_7754,i_6812,i_0872
u_1045,i_5432,i_0490,i_7961,i_5092,i_0850
u_1046,i_2983,i_5763,i_6827,i_4258,i_7024
u_1047,i_7589,i_4878,i_3228,i_0464,i_3661
u_1048,i_8266,i_5414,i_3594,i_1472,i_0841
u_1049,i_8041,i_6216,i_5162,i_2998,i_2013
u_1050,i_1229,i_1083,i_8412,i_1103,i_8585
u_1051,i_5690,i_2385,i_0721,i_8317,i_0921
u_1052,i_6481,i_7707,i_4938,i_3135,i_1999
u_1053,i_5370,i_3432,i_2087,i_7689,i_5629
u_1054,i_7498,i_2653,i_0675,i_6384,i_4733
u_1055,i_5822,i_5080,i_3960,i_2715,i_5022
u_1056,i_7672,i_7614,i_4585,i_6562,i_4588
u_1057,i_3594,i_6638,i_3287,i_7671,i_4331
u_1058,i_6406,i_6508,i_7376,i_4016,i_4997
u_1059,i_6204,i_2251,i_5584,i_5905,i_0251
u_1060,i_5432,i_3768,i_3483,i_2480,i_2441
u_1061,i_4421,i_0177,i_0465,i_7189,i_5060
u_1062,i_7020,i_2501,i_3456,i_4908,i_4819
u_1063,i_7661,i_6168,i_0613,i_3049,i_0509
u_1064,i_7349,i_0980,i_5883,i_7075,i_4915
u_1065,i_6030,i_2547,i_3780,i_7596,i_7432
u_1066,i_5360,i_7157,i_2157,i_7625,i_0940
u_1067,i_8275,i_7800,i_3435,i_8019,i_1675
u_1068,i_2552,i_4382,i_0770,i_1151,i_0774
u_1069,i_8323,i_8504,i_4668,i_6733,i_2174
u_1070,i_1346,i_5235,i_8535,i_0675,i_3508
u_1071,i_7455,i_5063,i_1490,i_1388,i_3547
u_1072,i_6892,i_3441,i_6783,i_7209,i_5525
u_1073,i_3483,i_5835,i_7870,i_4431,i_5240
u_1074,i_2543,i_6670,i_3983,i_2693,i_5312
u_1075,i_5555,i_4085,i_8410,i_4862,i_3732
u_1076,i_6907,i_7836,i_8097,i_0046,i_2100
u_1077,i_8070,i_7616,i_0084,i_7497,i_6227
u_1078,i_8672,i_5815,i_5316,i_0851,i_0170
u_1079,i_6136,i_7332,i_4651,i_3371,i_2443
u_1080,i_4878,i_5329,i_5780,i_1779,i_4940
u_1081,i_8081,i_4376,i_6611,i_8432,i_4973
u_1082,i_8290,i_7502,i_3722,i_2257,i_2899
u_1083,i_7498,i_6156,i_5628,i_5549,i_3772
u_1084,i_7707,i_4884,i_2094,i_7975,i_8377
u_1085,i_7921,i_6550,i_1577,i_1759,i_0294
u_1086,i_1893,i_0242,i_8259,i_5787,i_6748
u_1087,i_6347,i_5028,i_5619,i_4449,i_3265
u_1088,i_8195,i_2101,i_2124,i_4074,i_8173
u_1089,i_7619,i_7523,i_2114,i_6640,i_0474
u_1090,i_8663,i_8519,i_3046,i_7550,i_3440
u_1091,i_8558,i_6130,i_0843,i_1798,i_1707
u_1092,i_1796,i_8070,i_8402,i_3532,i_0930
u_1093,i_0034,i_0734,i_4474,i_4365,i_0792
u_1094,i_6242,i_5919,i_3505,i_4501,i_2805
u_1095,i_1319,i_4386,i_3483,i_3842,i_7270
u_1096,i_7144,i_3082,i_6718,i_6202,i_8537
u_1097,i_1928,i_5841,i_0814,i_3308,i_2415
u_1098,i_8487,i_8219,i_6535,i_5940,i_6955
u_1099,i_4554,i_3893,i_0277,i_8537,i_1717
u_1100,i_1082,i_1157,i_4233,i_0082,i_4699
u_1101,i_7869,i_2093,i_5654,i_5638,i_5202
u_1102,i_6783,i_6962,i_4562,i_7393,i_3322
u_1103,i_7525,i_6051,i_2739,i_4093,i_1586
u_1104,i_3045,i_4865,i_0022,i_8528,i_1475
u_1105,i_0312,i_0132,i_8194,i_2312,i_6136
u_1106,i_7836,i_4024,i_7034,i_7703,i_7389
u_1107,i_7923,i_6824,i_7138,i_2621,i_8639
u_1108,i_8352,i_7607,i_4170,i_2759,i_4233
u_1109,i_7836,i_8328,i_2029,i_3621,i_2832
u_1110,i_3893,i_3055,i_2152,i_2823,i_0259
u_1111,i_1087,i_4925,i_0716,i_6358,i_6784
u_1112,i_8041,i_8644,i_2834,i_2153,i_4813
u_1113,i_8121,i_7201,i_5690,i_2418,i_1542
u_1114,i_8128,i_8162,i_8201,i_6174,i_2427
u_1115,i_8309,i_6173,i_4842,i_6470,i_8647
u_1116,i_6709,i_6341,i_8137,i_5650,i_5388
u_1117,i_2036,i_0681,i_0927,i_4834,i_3913
u_1118,i_2371,i_0369,i_4970,i_7818,i_2671
u_1119,i_1838,i_3026,i_4770,i_7862,i_3214
u_1120,i_2537,i_4810,i_8471,i_7813,i_0591
u_1121,i_5984,i_4554,i_3504,i_7800,i_4995
u_1122,i_4326,i_6113,i_7744,i_0293,i_7977
u_1123,i_0953,i_6498,i_7094,i_0792,i_2955
u_1124,i_5038,i_0649,i_0793,i_7913,i_6732
u_1125,i_2094,i_5911,i_7317,i_7054,i_6509
u_1126,i_8644,i_5406,i_7886,i_5400,i_2596
u_1127,i_3977,i_7075,i_0260,i_5092,i_8492
u_1128,i_5455,i_5018,i_8102,i_3845,i_3639
u_1129,i_3680,i_2146,i_4795,i_4970,i_3318
u_1130,i_3404,i_7312,i_6064,i_2432,i_2715
u_1131,i_6191,i_6587,i_1838,i_6637,i_2609
u_1132,i_6018,i_7920,i_3049,i_0626,i_4227
u_1133,i_3380,i_3078,i_7394,i_3606,i_1780
u_1134,i_8637,i_8023,i_0600,i_2569,i_2103
u_1135,i_2233,i_1413,i_6273,i_2887,i_8089
u_1136,i_4735,i_3517,i_0267,i_6920,i_3836
u_1137,i_7701,i_7312,i_5749,i_1786,i_0823
u_1138,i_6158,i_6474,i_3591,i_2120,i_2756
u_1139,i_4437,i_2452,i_8265,i_8090,i_8610
u_1140,i_8041,i_8105,i_7903,i_3520,i_4379
u_1141,i_0713,i_0193,i_4722,i_6110,i_4816
u_1142,i_4770,i_6308,i_2100,i_2709,i_2369
u_1143,i_3958,i_4215,i_8178,i_5497,i_5493
u_1144,i_7651,i_7911,i_0919,i_5790,i_8123
u_1145,i_3163,i_3081,i_3082,i_0490,i_2598
u_1146,i_3762,i_6313,i_0980,i_4958,i_3532
u_1147,i_6770,i_4344,i_4221,i_3747,i_6983
u_1148,i_2333,i_7649,i_7184,i_4289,i_4214
u_1149,i_8613,i_8215,i_5523,i_3949,i_0528
u_1150,i_2210,i_4260,i_1024,i_6847,i_3758
u_1151,i_8359,i_7271,i_8431,i_5968,i_5882
u_1152,i_7001,i_6159,i_5067,i_6504,i_6417
u_1153,i_4152,i_4307,i_3028,i_2462,i_3934
u_1154,i_2609,i_5169,i_5712,i_2897,i_2631
u_1155,i_1940,i_4523,i_8421,i_6886,i_6112
u_1156,i_4079,i_6784,i_7394,i_6152,i_5748
u_1157,i_4150,i_7271,i_5224,i_8338,i_1932
u_1158,i_2002,i_1399,i_5464,i_3331,i_2820
u_1159,i_8070,i_7332,i_1542,i_1409,i_0614
u_1160,i_0139,i_3457,i_0170,i_0352,i_5878
u_1161,i_7905,i_5257,i_7619,i_0914,i_1821
u_1162,i_5178,i_0425,i_3028,i_7281,i_6792
u_1163,i_4504,i_8251,i_6510,i_3194,i_6024
u_1164,i_5018,i_2347,i_6452,i_5922,i_6060
u_1165,i_7397,i_2178,i_4435,i_7820,i_7231
u_1166,i_1901,i_5370,i_5429,i_3764,i_5070
u_1167,i_1571,i_6181,i_4793,i_5446,i_4294
u_1168,i_5287,i_3637,i_3028,i_7172,i_5240
u_1169,i_5737,i_2107,i_1473,i_6013,i_1929
u_1170,i_6127,i_6957,i_8316,i_2281,i_3001
u_1171,i_8322,i_5935,i_6290,i_6260,i_3406
u_1172,i_1737,i_0648,i_3591,i_6035,i_0501
u_1173,i_1247,i_4551,i_8357,i_0649,i_1945
u_1174,i_8659,i_8354,i_7015,i_2511,i_7505
u_1175,i_1280,i_0825,i_5144,i_6775,i_5206
u_1176,i_3146,i_4202,i_5952,i_3008,i_6101
u_1177,i_7280,i_7157,i_8410,i_6420,i_7969
u_1178,i_4770,i_4557,i_3466,i_2287,i_2327
u_1179,i_4335,i_6827,i_5349,i_6260,i_2231
u_1180,i_6100,i_3893,i_5750,i_4005,i_8008
u_1181,i_5821,i_6274,i_1645,i_7420,i_6837
u_1182,i_2330,i_7157,i_3446,i_7301,i_3998
u_1183,i_8028,i_7920,i_2980,i_7814,i_4829
u_1184,i_4749,i_6429,i_4574,i_4925,i_2941
u_1185,i_3586,i_7001,i_1753,i_2589,i_5774
u_1186,i_7920,i_7064,i_3332,i_2533,i_6243
u_1187,i_3211,i_3530,i_6035,i_7461,i_2417
u_1188,i_3549,i_1640,i_5834,i_5853,i_8263
u_1189,i_6402,i_6388,i_4304,i_3234,i_8288
u_1190,i_3820,i_8071,i_2851,i_0240,i_0198
u_1191,i_8454,i_4636,i_3666,i_6757,i_6253
u_1192,i_6704,i_4187,i_5664,i_1331,i_1102
u_1193,i_2522,i_5185,i_6805,i_5022,i_1530
u_1194,i_7872,i_3678,i_5754,i_8384,i_8036
u_1195,i_5474,i_6827,i_6212,i_1364,i_3170
u_1196,i_8070,i_6827,i_8020,i_3093,i_6845
u_1197,i_1568,i_6950,i_8199,i_5592,i_0533
u_1198,i_0254,i_7764,i_3816,i_1689,i_3281
u_1199,i_3893,i_4717,i_8635,i_2273,i_1085
u_1200,i_1737,i_2680,i_6997,i_5339,i_4951
u_1201,i_8429,i_0849,i_0269,i_3621,i_5786
u_1202,i_7619,i_1999,i_8555,i_2691,i_1330
u_1203,i_6834,i_2950,i_8241,i_8602,i_8294
u_1204,i_5486,i_0935,i_5523,i_1658,i_1000
u_1205,i_3710,i_3958,i_1028,i_1786,i_6594
u_1206,i_7469,i_5770,i_4938,i_4291,i_2494
u_1207,i_0797,i_8514,i_1501,i_0145,i_3198
u_1208,i_1180,i_8521,i_8178,i_8215,i_1481
u_1209,i_6481,i_5117,i_1540,i_5712,i_1932
u_1210,i_5744,i_4851,i_0109,i_5254,i_6520
u_1211,i_0933,i_3256,i_4542,i_8089,i_7140
u_1212,i_1382,i_6468,i_6970,i_7223,i_2629
u_1213,i_6718,i_3441,i_3205,i_3480,i_0449
u_1214,i_8429,i_5529,i_0391,i_3675,i_3293
u_1215,i_8270,i_3730,i_5515,i_1089,i_4322
u_1216,i_4863,i_8625,i_7054,i_0567,i_0393
u_1217,i_0272,i_4854,i_1366,i_1757,i_7834
u_1218,i_7142,i_0048,i_8552,i_3938,i_6383
u_1219,i_6627,i_7643,i_3612,i_5741,i_1359
u_1220,i_7623,i_4679,i_4551,i_5774,i_4123
u_1221,i_6006,i_0331,i_2758,i_5257,i_8384
u_1222,i_8349,i_5559,i_8227,i_0705,i_1928
u_1223,i_3598,i_6827,i_1653,i_7802,i_6379
u_1224,i_8423,i_7800,i_2297,i_1554,i_1860
u_1225,i_8390,i_7199,i_7638,i_4309,i_4986
u_1226,i_7807,i_8436,i_7060,i_2176,i_3469
u_1227,i_7968,i_5018,i_6938,i_7272,i_3509
u_1228,i_6444,i_2652,i_6176,i_5966,i_4985
u_1229,i_6531,i_3337,i_0900,i_7599,i_7894
u_1230,i_5063,i_7741,i_7489,i_8293,i_5024
u_1231,i_6798,i_7776,i_6609,i_4943,i_7507
u_1232,i_6427,i_5383,i_1890,i_7716,i_3264
u_1233,i_6152,i_8475,i_3725,i_2568,i_5693
u_1234,i_8272,i_4958,i_0734,i_7939,i_6379
u_1235,i_8581,i_8680,i_6282,i_7827,i_0717
u_1236,i_5082,i_8336,i_3706,i_3049,i_5831
u_1237,i_6827,i_8554,i_1890,i_1858,i_1775
u_1238,i_0237,i_0108,i_3588,i_4548,i_4138
u_1239,i_0446,i_1162,i_7773,i_7575,i_2089
u_1240,i_7522,i_6308,i_2003,i_4376,i_1896
u_1241,i_8009,i_6373,i_2036,i_1766,i_4958
u_1242,i_3358,i_1360,i_6602,i_2528,i_3544
u_1243,i_4933,i_3958,i_1622,i_7972,i_2715
u_1244,i_8618,i_8433,i_8170,i_5646,i_0872
u_1245,i_4958,i_6883,i_4865,i_0667,i_1297
u_1246,i_1838,i_0797,i_6449,i_2789,i_1256
u_1247,i_5094,i_0160,i_4455,i_8582,i_3731
u_1248,i_3896,i_0778,i_1654,i_2129,i_5073
u_1249,i_4335,i_5962,i_0371,i_0101,i_6401
u_1250,i_1433,i_3478,i_6685,i_6881,i_1479
u_1251,i_3397,i_4740,i_4739,i_6297,i_4558
u_1252,i_7649,i_7380,i_0779,i_4973,i_3898
u_1253,i_0213,i_0165,i_5179,i_0919,i_0318
u_1254,i_0136,i_3347,i_6361,i_3480,i_2406
u_1255,i_5129,i_4468,i_5615,i_1497,i_1948
u_1256,i_2828,i_2407,i_2926,i_3182,i_8006
u_1257,i_5794,i_5257,i_6949,i_2855,i_4579
u_1258,i_8262,i_6030,i_3082,i_8152,i_6041
u_1259,i_5643,i_6029,i_4386,i_8626,i_5429
u_1260,i_6308,i_8629,i_3379,i_6278,i_0820
u_1261,i_5437,i_1928,i_2500,i_6201,i_1520
u_1262,i_4435,i_8097,i_2126,i_1605,i_3244
u_1263,i_4382,i_2080,i_2470,i_4614,i_0169
u_1264,i_7647,i_7787,i_3025,i_0852,i_2598
u_1265,i_4022,i_4382,i_1512,i_0727,i_7682
u_1266,i_8265,i_6881,i_0844,i_1519,i_2523
u_1267,i_8609,i_5810,i_4852,i_4432,i_4900
u_1268,i_6322,i_2256,i_2371,i_6327,i_7577
u_1269,i_0514,i_5612,i_4828,i_0175,i_6659
u_1270,i_8242,i_3728,i_2497,i_0521,i_0804
u_1271,i_5365,i_7571,i_4263,i_4608,i_0129
u_1272,i_6988,i_5286,i_1753,i_0469,i_0888
u_1273,i_0825,i_4554,i_6996,i_5321,i_4328
u_1274,i_3414,i_8680,i_6712,i_8405,i_1812
u_1275,i_8374,i_8443,i_5175,i_7232,i_5300
u_1276,i_8290,i_4470,i_8377,i_5302,i_1208
u_1277,i_6024,i_5880,i_6956,i_2122,i_4251
u_1278,i_8300,i_8410,i_4000,i_1883,i_3479
u_1279,i_8608,i_4482,i_8644,i_7088,i_6355
u_1280,i_7184,i_2489,i_6438,i_6879,i_1227
u_1281,i_5280,i_4386,i_5945,i_8537,i_4707
u_1282,i_1433,i_0827,i_2185,i_4958,i_6907
u_1283,i_6209,i_3041,i_7153,i_7244,i_6084
u_1284,i_3757,i_1916,i_6827,i_3758,i_3339
u_1285,i_7707,i_2082,i_1999,i_2095,i_5549
u_1286,i_6400,i_2164,i_7558,i_0882,i_6655
u_1287,i_7498,i_7920,i_3659,i_2705,i_4462
u_1288,i_5555,i_7920,i_5968,i_8077,i_2106
u_1289,i_0951,i_2783,i_7564,i_3890,i_5020
u_1290,i_5648,i_1653,i_6121,i_5772,i_4834
u_1291,i_5559,i_7131,i_7773,i_2619,i_3298
u_1292,i_7920,i_7631,i_8227,i_0243,i_1472
u_1293,i_5880,i_4326,i_3340,i_5080,i_1010
u_1294,i_5287,i_5006,i_7157,i_3234,i_1647
u_1295,i_7071,i_7085,i_7157,i_3875,i_1304
u_1296,i_0797,i_5538,i_3404,i_1530,i_8066
u_1297,i_6288,i_0450,i_8244,i_0973,i_0137
u_1298,i_0826,i_0792,i_0810,i_3496,i_7583
u_1299,i_7129,i_3639,i_0074,i_7792,i_2758
u_1300,i_8395,i_6100,i_1049,i_3144,i_6198
u_1301,i_7214,i_6418,i_6363,i_5659,i_7332
u_1302,i_7944,i_7915,i_3352,i_4753,i_7374
u_1303,i_1462,i_1295,i_0549,i_0290,i_3217
u_1304,i_6100,i_4717,i_6282,i_1848,i_0707
u_1305,i_7469,i_6780,i_4181,i_0681,i_5842
u_1306,i_7901,i_6404,i_7603,i_5897,i_4486
u_1307,i_7093,i_7146,i_4437,i_2032,i_6323
u_1308,i_7115,i_3425,i_5664,i_1576,i_3449
u_1309,i_2391,i_1940,i_0015,i_6401,i_4040
u_1310,i_5916,i_1180,i_0351,i_1246,i_4275
u_1311,i_8062,i_6653,i_7269,i_4976,i_7461
u_1312,i_8042,i_7947,i_8209,i_7302,i_1415
u_1313,i_4335,i_1838,i_5494,i_7798,i_4948
u_1314,i_8333,i_3525,i_0969,i_2944,i_4428
u_1315,i_6273,i_4848,i_4437,i_4502,i_3250
u_1316,i_2644,i_1211,i_5281,i_2005,i_3734
u_1317,i_3380,i_5498,i_0283,i_2357,i_4527
u_1318,i_8079,i_2724,i_0792,i_6036,i_3091
u_1319,i_4330,i_7203,i_6159,i_7157,i_8302
u_1320,i_0313,i_4970,i_0831,i_2207,i_2230
u_1321,i_8650,i_8385,i_2343,i_4393,i_2592
u_1322,i_1931,i_0375,i_8338,i_3339,i_6437
u_1323,i_3722,i_2436,i_5515,i_6341,i_5092
u_1324,i_0813,i_0465,i_1124,i_6522,i_0545
u_1325,i_7153,i_2333,i_0728,i_7291,i_5925
u_1326,i_6676,i_7663,i_8043,i_2462,i_2369
u_1327,i_0235,i_2163,i_4756,i_1090,i_5349
u_1328,i_0814,i_7614,i_5008,i_3385,i_3348
u_1329,i_3045,i_7294,i_7923,i_8421,i_3408
u_1330,i_1501,i_2210,i_7693,i_6214,i_3392
u_1331,i_2403,i_7221,i_1838,i_0762,i_4794
u_1332,i_7589,i_4906,i_3843,i_3420,i_1536
u_1333,i_7045,i_7331,i_2672,i_4815,i_6740
u_1334,i_1180,i_7189,i_0420,i_2902,i_0376
u_1335,i_1653,i_4409,i_0271,i_0075,i_2599
u_1336,i_8429,i_8078,i_8501,i_3767,i_3571
u_1337,i_6957,i_6308,i_6733,i_0894,i_1322
u_1338,i_4548,i_6941,i_5993,i_1711,i_6574
u_1339,i_0213,i_5689,i_2736,i_4249,i_0750
u_1340,i_6100,i_8070,i_7741,i_4846,i_5414
u_1341,i_8456,i_6990,i_3958,i_2525,i_2747
u_1342,i_8450,i_8300,i_6296,i_0865,i_4048
u_1343,i_6838,i_0631,i_8344,i_5271,i_1561
u_1344,i_4112,i_3478,i_7527,i_2433,i_0485
u_1345,i_6189,i_7108,i_7458,i_1224,i_2301
u_1346,i_7413,i_4632,i_0477,i_8087,i_0270
u_1347,i_7047,i_7153,i_5422,i_1924,i_2982
u_1348,i_6798,i_5290,i_7428,i_7110,i_2785
u_1349,i_2799,i_3715,i_2167,i_7796,i_0923
u_1350,i_8028,i_7752,i_4770,i_0532,i_0809
u_1351,i_5707,i_5738,i_7307,i_5844,i_2525
u_1352,i_1380,i_8144,i_5257,i_7100,i_1187
u_1353,i_5614,i_1341,i_5665,i_8614,i_3418
u_1354,i_7181,i_6308,i_1873,i_3294,i_2801
u_1355,i_5283,i_2498,i_1705,i_2107,i_4437
u_1356,i_5018,i_8047,i_1649,i_7184,i_7852
u_1357,i_6337,i_1085,i_0165,i_7068,i_4437
u_1358,i_6676,i_6593,i_3339,i_4766,i_1795
u_1359,i_6076,i_0252,i_6150,i_7619,i_0250
u_1360,i_3483,i_8246,i_2091,i_0550,i_8631
u_1361,i_7902,i_8414,i_5695,i_0933,i_7529
u_1362,i_1838,i_5336,i_3069,i_1954,i_7805
u_1363,i_3709,i_0814,i_5224,i_5092,i_1673
u_1364,i_2391,i_6435,i_7082,i_0762,i_5123
u_1365,i_4379,i_2737,i_5260,i_3939,i_6248
u_1366,i_5293,i_6021,i_1362,i_4292,i_5873
u_1367,i_7027,i_4347,i_3488,i_6650,i_4946
u_1368,i_2615,i_4907,i_5646,i_2465,i_2988
u_1369,i_7589,i_2946,i_3886,i_3248,i_4987
u_1370,i_6373,i_6614,i_3754,i_4686,i_3593
u_1371,i_7773,i_5257,i_5738,i_7356,i_4537
u_1372,i_8679,i_8665,i_2963,i_0448,i_6003
u_1373,i_3487,i_5256,i_7027,i_7400,i_0012
u_1374,i_0311,i_6678,i_0161,i_1922,i_3331
u_1375,i_7945,i_2631,i_2153,i_2734,i_5879
u_1376,i_1522,i_8353,i_0544,i_2896,i_1235
u_1377,i_6798,i_7357,i_8213,i_3185,i_1854
u_1378,i_8423,i_8467,i_5854,i_8227,i_6162
u_1379,i_4414,i_5709,i_7806,i_7389,i_1510
u_1380,i_6116,i_7157,i_0778,i_4770,i_3193
u_1381,i_4302,i_6148,i_5600,i_0596,i_4628
u_1382,i_7631,i_7873,i_5399,i_3623,i_1715
u_1383,i_6651,i_1538,i_0311,i_8152,i_3465
u_1384,i_8622,i_0845,i_3344,i_8261,i_7946
u_1385,i_3969,i_6173,i_0869,i_5237,i_2722
u_1386,i_7761,i_7591,i_3504,i_5217,i_0739
u_1387,i_3022,i_3392,i_4632,i_3747,i_0856
u_1388,i_6009,i_7335,i_2339,i_0051,i_0604
u_1389,i_3418,i_8423,i_4335,i_4782,i_1344
u_1390,i_8041,i_8671,i_6010,i_7054,i_3839
u_1391,i_5643,i_4807,i_1160,i_8660,i_6966
u_1392,i_7752,i_3958,i_5302,i_4392,i_3647
u_1393,i_4226,i_8613,i_1301,i_8590,i_4481
u_1394,i_8385,i_4087,i_1291,i_4628,i_4771
u_1395,i_7050,i_6292,i_6101,i_4693,i_3222
u_1396,i_8070,i_0746,i_8589,i_8368,i_1464
u_1397,i_7085,i_0806,i_0384,i_8552,i_4480
u_1398,i_7619,i_6546,i_3862,i_1257,i_4725
u_1399,i_4928,i_6060,i_3479,i_2119,i_8134
u_1400,i_2088,i_6034,i_6672,i_0007,i_3237
u_1401,i_6988,i_8329,i_2257,i_1781,i_4424
u_1402,i_3082,i_4893,i_1207,i_8476,i_3149
u_1403,i_5020,i_5021,i_3149,i_1128,i_6589
u_1404,i_7405,i_7349,i_4967,i_1144,i_0953
u_1405,i_8041,i_8614,i_7744,i_4477,i_3964
u_1406,i_3339,i_1838,i_0077,i_1589,i_5324
u_1407,i_6830,i_8612,i_8218,i_5781,i_1169
u_1408,i_3893,i_7984,i_4185,i_7601,i_6503
u_1409,i_7736,i_7238,i_3789,i_0046,i_6978
u_1410,i_6541,i_3126,i_8127,i_6606,i_3187
u_1411,i_8456,i_8022,i_7235,i_0204,i_1600
u_1412,i_3161,i_2046,i_6845,i_7196,i_5990
u_1413,i_2847,i_7511,i_3829,i_1677,i_7043
u_1414,i_6525,i_5677,i_2768,i_0282,i_3221
u_1415,i_6885,i_0503,i_3294,i_7110,i_7948
u_1416,i_6761,i_8020,i_4113,i_2961,i_1242
u_1417,i_6418,i_7069,i_4689,i_0906,i_5657
u_1418,i_2828,i_3946,i_1685,i_3747,i_0883
u_1419,i_6480,i_7979,i_3597,i_2870,i_1239
u_1420,i_7299,i_5968,i_6570,i_7307,i_0610
u_1421,i_5810,i_3229,i_2624,i_0056,i_1549
u_1422,i_7157,i_7092,i_7326,i_7075,i_2161
u_1423,i_1433,i_3134,i_5628,i_8654,i_0216
u_1424,i_3352,i_2811,i_3092,i_1796,i_5725
u_1425,i_7426,i_7670,i_4754,i_4221,i_3736
u_1426,i_6211,i_0420,i_6147,i_1143,i_0472
u_1427,i_7157,i_7589,i_6418,i_1101,i_0937
u_1428,i_8028,i_3570,i_2970,i_6593,i_6610
u_1429,i_7902,i_1834,i_0380,i_7070,i_0440
u_1430,i_6097,i_5464,i_4389,i_2013,i_2482
u_1431,i_5770,i_3459,i_4402,i_5892,i_2397
u_1432,i_2522,i_7819,i_2023,i_5625,i_3914
u_1433,i_3648,i_6551,i_7959,i_5140,i_1755
u_1434,i_6957,i_8203,i_5065,i_6569,i_3330
u_1435,i_7843,i_5454,i_7636,i_3831,i_3893
u_1436,i_8377,i_8410,i_5018,i_1106,i_7454
u_1437,i_5101,i_3083,i_6223,i_2602,i_6906
u_1438,i_2480,i_4435,i_8042,i_8488,i_7044
u_1439,i_7661,i_7137,i_5993,i_4460,i_8119
u_1440,i_5001,i_5639,i_5817,i_4677,i_1425
u_1441,i_7184,i_8335,i_5898,i_3847,i_5156
u_1442,i_1928,i_6905,i_1472,i_6203,i_0122
u_1443,i_8399,i_4907,i_8583,i_2708,i_4654
u_1444,i_5138,i_7498,i_6942,i_7184,i_2369
u_1445,i_6181,i_7623,i_6192,i_5362,i_7254
u_1446,i_7923,i_4627,i_0798,i_7921,i_4751
u_1447,i_6821,i_6758,i_1949,i_3073,i_5186
u_1448,i_4679,i_8286,i_8615,i_6475,i_2949
u_1449,i_4843,i_5269,i_1440,i_1536,i_3235
u_1450,i_2023,i_7623,i_7773,i_4651,i_1631
u_1451,i_8527,i_8555,i_3126,i_3633,i_5306
u_1452,i_7097,i_4303,i_4349,i_4406,i_1355
u_1453,i_5770,i_5483,i_5596,i_3187,i_3177
u_1454,i_8269,i_8334,i_3179,i_0881,i_8208
u_1455,i_0567,i_1897,i_1438,i_5137,i_5001
u_1456,i_5611,i_2082,i_0360,i_4764,i_3543
u_1457,i_4439,i_6526,i_6310,i_8236,i_2671
u_1458,i_6587,i_5933,i_6196,i_4953,i_4096
u_1459,i_7515,i_7299,i_7954,i_0895,i_2027
u_1460,i_8501,i_8356,i_5382,i_2644,i_6011
u_1461,i_7181,i_5245,i_2119,i_7929,i_7759
u_1462,i_2416,i_5628,i_3379,i_6702,i_1753
u_1463,i_3339,i_8423,i_5126,i_0826,i_1868
u_1464,i_4822,i_8414,i_0318,i_1194,i_7779
u_1465,i_6419,i_6087,i_1197,i_2726,i_8042
u_1466,i_3625,i_3894,i_8044,i_6400,i_4774
u_1467,i_3771,i_5770,i_5558,i_4616,i_4035
u_1468,i_7957,i_6820,i_8077,i_1470,i_2176
u_1469,i_5429,i_8230,i_8219,i_3563,i_6611
u_1470,i_3958,i_2921,i_7897,i_6159,i_0738
u_1471,i_1025,i_0811,i_0311,i_2420,i_0649
u_1472,i_7685,i_2471,i_0039,i_1814,i_2885
u_1473,i_6860,i_2058,i_0209,i_2082,i_6045
u_1474,i_4554,i_8126,i_5411,i_6854,i_5976
u_1475,i_4784,i_2457,i_3732,i_4647,i_5093
u_1476,i_5255,i_5466,i_4260,i_3545,i_5801
u_1477,i_7045,i_8219,i_3638,i_2508,i_6847
u_1478,i_2210,i_6283,i_4717,i_3776,i_2891
u_1479,i_1522,i_5770,i_6918,i_6391,i_2034
u_1480,i_3339,i_1838,i_6229,i_0347,i_6534
u_1481,i_5689,i_7331,i_6797,i_3470,i_1442
u_1482,i_5577,i_2586,i_1881,i_6438,i_4294
u_1483,i_2119,i_1064,i_7357,i_1168,i_6346
u_1484,i_8680,i_7522,i_8555,i_6793,i_7586
u_1485,i_4513,i_3773,i_7932,i_7778,i_7683
u_1486,i_6512,i_8215,i_5137,i_4908,i_4869
u_1487,i_4208,i_7614,i_5363,i_7573,i_2927
u_1488,i_7725,i_6548,i_0199,i_6510,i_3965
u_1489,i_8349,i_5505,i_2018,i_1708,i_7151
u_1490,i_7424,i_2546,i_0224,i_3410,i_0167
u_1491,i_0874,i_0414,i_5147,i_1438,i_8106
u_1492,i_5992,i_7945,i_5518,i_6804,i_6812
u_1493,i_3640,i_5129,i_3047,i_0845,i_8321
u_1494,i_4970,i_4189,i_3834,i_3087,i_6201
u_1495,i_6718,i_2215,i_7572,i_7455,i_7759
u_1496,i_7001,i_4565,i_1164,i_6255,i_3537
u_1497,i_4746,i_6920,i_1742,i_3339,i_5290
u_1498,i_0771,i_2488,i_5341,i_3344,i_0570
u_1499,i_7988,i_5923,i_8545,i_2946,i_2715
u_1500,i_8397,i_5606,i_3724,i_0243,i_3761
u_1501,i_5164,i_2522,i_1691,i_3991,i_2493
u_1502,i_1114,i_4161,i_4828,i_2448,i_1373
u_1503,i_2757,i_2097,i_2516,i_3611,i_7979
u_1504,i_8352,i_5880,i_1081,i_1890,i_4684
u_1505,i_8637,i_4967,i_5628,i_1624,i_3438
u_1506,i_8146,i_8048,i_5126,i_4738,i_2352
u_1507,i_2775,i_7434,i_2950,i_1639,i_3580
u_1508,i_7082,i_2620,i_4770,i_3477,i_1761
u_1509,i_6733,i_7430,i_6820,i_7750,i_4726
u_1510,i_0164,i_5827,i_7563,i_8404,i_3944
u_1511,i_7849,i_2023,i_1332,i_6449,i_0310
u_1512,i_6337,i_4937,i_0822,i_5738,i_4812
u_1513,i_7918,i_4141,i_4245,i_8089,i_8519
u_1514,i_8604,i_3983,i_7272,i_6622,i_0146
u_1515,i_8063,i_4036,i_5794,i_0233,i_6243
u_1516,i_5539,i_6577,i_4732,i_6649,i_2200
u_1517,i_3864,i_2758,i_2937,i_7514,i_8393
u_1518,i_4210,i_3339,i_4733,i_2940,i_3720
u_1519,i_7055,i_2905,i_5323,i_5915,i_3792
u_1520,i_6555,i_1580,i_7615,i_8133,i_7581
u_1521,i_6892,i_6291,i_8494,i_5927,i_7253
u_1522,i_7157,i_2052,i_4181,i_6825,i_1037
u_1523,i_8050,i_3153,i_2084,i_3617,i_5879
u_1524,i_8000,i_5205,i_6476,i_8212,i_6558
u_1525,i_8617,i_8644,i_5296,i_1667,i_7366
u_1526,i_4958,i_3420,i_5297,i_4268,i_1014
u_1527,i_8624,i_7515,i_6688,i_4774,i_0081
u_1528,i_8661,i_8393,i_5364,i_6920,i_5153
u_1529,i_7788,i_8269,i_1862,i_3817,i_7079
u_1530,i_6613,i_8483,i_5621,i_5633,i_6942
u_1531,i_7247,i_7780,i_7419,i_1406,i_0284
u_1532,i_6726,i_6966,i_1278,i_4993,i_7377
u_1533,i_5280,i_3925,i_0641,i_5982,i_2598
u_1534,i_4335,i_6336,i_7453,i_3392,i_6387
u_1535,i_3098,i_6061,i_3643,i_0876,i_1818
u_1536,i_1455,i_7108,i_2564,i_6715,i_1782
u_1537,i_5805,i_4630,i_4770,i_5109,i_6922
u_1538,i_2811,i_3497,i_3646,i_7923,i_5082
u_1539,i_5006,i_2902,i_8267,i_6286,i_6822
u_1540,i_1796,i_5916,i_5215,i_3072,i_5592
u_1541,i_4330,i_3380,i_2164,i_0175,i_3733
u_1542,i_6030,i_8073,i_3483,i_2134,i_3451
u_1543,i_5343,i_3784,i_2282,i_4777,i_4184
u_1544,i_3339,i_3141,i_3483,i_2595,i_7620
u_1545,i_4256,i_7920,i_5256,i_7184,i_7588
u_1546,i_3339,i_7557,i_4357,i_8141,i_8090
u_1547,i_7604,i_8030,i_6418,i_8453,i_7478
u_1548,i_7105,i_8375,i_6055,i_8290,i_1534
u_1549,i_1055,i_4528,i_1024,i_2957,i_5711
u_1550,i_5784,i_2391,i_4282,i_1468,i_4198
u_1551,i_6771,i_6245,i_2870,i_8230,i_2899
u_1552,i_7416,i_1940,i_8006,i_3743,i_8443
u_1553,i_4750,i_2045,i_8162,i_8470,i_7450
u_1554,i_4437,i_2895,i_3391,i_8207,i_4175
u_1555,i_6021,i_8073,i_1400,i_4679,i_2629
u_1556,i_5584,i_6018,i_1041,i_0919,i_3731
u_1557,i_4395,i_3020,i_6169,i_3625,i_6136
u_1558,i_3930,i_8050,i_4311,i_1795,i_0403
u_1559,i_2082,i_7258,i_5028,i_1561,i_2756
u_1560,i_6922,i_7685,i_6570,i_1741,i_5831
u_1561,i_3321,i_8248,i_3541,i_1116,i_4020
u_1562,i_2886,i_3944,i_2183,i_7999,i_0633
u_1563,i_5518,i_8680,i_5406,i_2399,i_2516
u_1564,i_7157,i_5026,i_0236,i_0473,i_4325
u_1565,i_3141,i_4801,i_1289,i_7317,i_5629
u_1566,i_8358,i_2109,i_8613,i_6281,i_2700
u_1567,i_1229,i_0797,i_5815,i_6389,i_0023
u_1568,i_3707,i_3186,i_6831,i_2829,i_3237
u_1569,i_4092,i_6005,i_4399,i_3600,i_7608
u_1570,i_3108,i_0797,i_5400,i_6559,i_0793
u_1571,i_5740,i_1341,i_6418,i_5320,i_3322
u_1572,i_8215,i_8000,i_2250,i_1730,i_1787
u_1573,i_6767,i_6900,i_4919,i_0953,i_2527
u_1574,i_5287,i_3028,i_7469,i_0022,i_0159
u_1575,i_8009,i_8282,i_0541,i_1372,i_1398
u_1576,i_7387,i_5835,i_2587,i_3864,i_2443
u_1577,i_0873,i_1390,i_4908,i_8292,i_0882
u_1578,i_0825,i_1696,i_2684,i_6346,i_1242
u_1579,i_7397,i_1769,i_3924,i_2297,i_4827
u_1580,i_6040,i_0627,i_7778,i_0367,i_4275
u_1581,i_8116,i_7397,i_7868,i_4481,i_6014
u_1582,i_1335,i_8070,i_0839,i_4628,i_4094
u_1583,i_6427,i_5689,i_4263,i_4717,i_5583
u_1584,i_8302,i_5162,i_0271,i_5848,i_0958
u_1585,i_8006,i_2811,i_2246,i_4623,i_4156
u_1586,i_6834,i_2508,i_0339,i_0451,i_4549
u_1587,i_7982,i_8613,i_5087,i_6691,i_8267
u_1588,i_6021,i_8208,i_1838,i_8250,i_5878
u_1589,i_7282,i_4770,i_5272,i_5322,i_3409
u_1590,i_6811,i_8005,i_2210,i_5890,i_0920
u_1591,i_6282,i_6651,i_7164,i_4364,i_3865
u_1592,i_7246,i_1838,i_5673,i_1752,i_3571
u_1593,i_1838,i_6009,i_1994,i_6305,i_5144
u_1594,i_6678,i_1440,i_4705,i_3759,i_1217
u_1595,i_8070,i_6827,i_5369,i_0062,i_4227
u_1596,i_7619,i_6021,i_3605,i_4659,i_0028
u_1597,i_6018,i_7469,i_7984,i_2618,i_2152
u_1598,i_2538,i_4179,i_5746,i_4732,i_6295
u_1599,i_8621,i_5443,i_0825,i_6956,i_1716
u_1600,i_4822,i_4996,i_3380,i_1060,i_7528
u_1601,i_3870,i_4918,i_5445,i_3515,i_7233
u_1602,i_0792,i_7281,i_8327,i_3627,i_5481
u_1603,i_8648,i_8041,i_0023,i_0093,i_2986
u_1604,i_3373,i_5021,i_6670,i_2925,i_2398
u_1605,i_3232,i_3339,i_0792,i_8373,i_7603
u_1606,i_8027,i_5738,i_6944,i_2505,i_3099
u_1607,i_2677,i_7221,i_5280,i_1621,i_4068
u_1608,i_0797,i_0635,i_7029,i_4416,i_2878
u_1609,i_8041,i_4437,i_3336,i_4484,i_8135
u_1610,i_1728,i_4350,i_3184,i_2510,i_6026
u_1611,i_8611,i_8680,i_4454,i_2356,i_0873
u_1612,i_5248,i_6881,i_5687,i_5523,i_6185
u_1613,i_7579,i_8070,i_5548,i_3973,i_7719
u_1614,i_6418,i_8461,i_3351,i_0455,i_4089
u_1615,i_1400,i_6243,i_8231,i_5599,i_7648
u_1616,i_3618,i_4097,i_8546,i_3142,i_3404
u_1617,i_8450,i_6308,i_6769,i_2459,i_6464
u_1618,i_5087,i_7433,i_0994,i_4026,i_6430
u_1619,i_7605,i_5744,i_8631,i_8621,i_0329
u_1620,i_7778,i_8538,i_6698,i_4753,i_1171
u_1621,i_6950,i_1371,i_4704,i_5431,i_7133
u_1622,i_8332,i_8606,i_5865,i_7462,i_2631
u_1623,i_6291,i_7137,i_6175,i_5781,i_3363
u_1624,i_7157,i_6245,i_3982,i_2451,i_8561
u_1625,i_7201,i_4663,i_0307,i_5887,i_5376
u_1626,i_5418,i_5962,i_7078,i_0025,i_1759
u_1627,i_6957,i_3355,i_3967,i_6791,i_2473
u_1628,i_2584,i_0354,i_2157,i_7758,i_5289
u_1629,i_4376,i_7731,i_8358,i_0222,i_6465
u_1630,i_6269,i_6484,i_1645,i_8506,i_8229
u_1631,i_0718,i_3681,i_4787,i_7390,i_2065
u_1632,i_6224,i_5498,i_3934,i_4784,i_4612
u_1633,i_6294,i_6170,i_1326,i_4144,i_4050
u_1634,i_3078,i_3339,i_4775,i_7450,i_5130
u_1635,i_4944,i_6031,i_3033,i_0255,i_0903
u_1636,i_8240,i_1818,i_2784,i_7370,i_1056
u_1637,i_8675,i_8517,i_7152,i_5345,i_4137
u_1638,i_8630,i_4528,i_8616,i_2118,i_4824
u_1639,i_3380,i_0729,i_4865,i_5907,i_6475
u_1640,i_7214,i_3654,i_6418,i_6236,i_5433
u_1641,i_6827,i_6400,i_3559,i_7032,i_0785
u_1642,i_2425,i_3028,i_0103,i_6253,i_6043
u_1643,i_2267,i_3894,i_1875,i_1827,i_7565
u_1644,i_7776,i_2242,i_8501,i_0263,i_7229
u_1645,i_6524,i_5740,i_1736,i_4628,i_3704
u_1646,i_4151,i_8463,i_8000,i_2013,i_6355
u_1647,i_4335,i_7138,i_3678,i_5360,i_4772
u_1648,i_4088,i_3558,i_4734,i_1890,i_6111
u_1649,i_8353,i_8221,i_0588,i_6791,i_4796
u_1650,i_6798,i_8120,i_7728,i_2566,i_8304
u_1651,i_0947,i_5723,i_0314,i_0536,i_3240
u_1652,i_5486,i_4437,i_5571,i_1125,i_4964
u_1653,i_3933,i_8175,i_7757,i_8445,i_4908
u_1654,i_7181,i_8532,i_4339,i_5539,i_7018
u_1655,i_7049,i_8009,i_4585,i_2435,i_1868
u_1656,i_8248,i_8410,i_7053,i_2566,i_4483
u_1657,i_4665,i_4597,i_5538,i_5871,i_2720
u_1658,i_4857,i_3591,i_6278,i_4139,i_7898
u_1659,i_2609,i_4376,i_2259,i_8192,i_5773
u_1660,i_2445,i_1267,i_5028,i_5471,i_7497
u_1661,i_6881,i_3976,i_3782,i_5823,i_8444
u_1662,i_8456,i_6487,i_2621,i_6969,i_6982
u_1663,i_6827,i_8134,i_0112,i_0675,i_3353
u_1664,i_2073,i_2324,i_4573,i_6999,i_0926
u_1665,i_6308,i_0254,i_1245,i_1573,i_7077
u_1666,i_8627,i_5283,i_8345,i_6447,i_0473
u_1667,i_8126,i_6021,i_1569,i_6965,i_0887
u_1668,i_7248,i_3855,i_6147,i_7558,i_6367
u_1669,i_7873,i_5063,i_8608,i_8240,i_6019
u_1670,i_7530,i_2918,i_3972,i_7207,i_1650
u_1671,i_3594,i_2243,i_0275,i_0829,i_2598
u_1672,i_0836,i_7731,i_7398,i_0345,i_4449
u_1673,i_2082,i_4770,i_3245,i_4020,i_1052
u_1674,i_8051,i_8164,i_2410,i_6916,i_8117
u_1675,i_8000,i_8055,i_4364,i_5671,i_3062
u_1676,i_6418,i_6216,i_7157,i_1391,i_7240
u_1677,i_4524,i_8584,i_6750,i_4981,i_4325
u_1678,i_6418,i_7157,i_3282,i_2308,i_1040
u_1679,i_4413,i_4555,i_3739,i_7458,i_5791
u_1680,i_2066,i_2749,i_3332,i_2836,i_3815
u_1681,i_8116,i_7817,i_2055,i_6229,i_5488
u_1682,i_6006,i_5818,i_5872,i_5006,i_4511
u_1683,i_8104,i_6136,i_0511,i_3825,i_3554
u_1684,i_4150,i_2597,i_7960,i_5594,i_4207
u_1685,i_7915,i_1403,i_6808,i_3746,i_2134
u_1686,i_2725,i_4719,i_8136,i_3578,i_2031
u_1687,i_0814,i_8396,i_7033,i_4727,i_8525
u_1688,i_2963,i_8198,i_1418,i_4469,i_2629
u_1689,i_1250,i_6551,i_1627,i_4884,i_2668
u_1690,i_6706,i_7333,i_6914,i_3032,i_4595
u_1691,i_1571,i_1572,i_6684,i_6720,i_5003
u_1692,i_5196,i_5690,i_0970,i_8445,i_6231
u_1693,i_1838,i_0762,i_0808,i_2045,i_3914
u_1694,i_5087,i_3936,i_3050,i_5467,i_8209
u_1695,i_1346,i_7085,i_0293,i_7532,i_2788
u_1696,i_3930,i_1346,i_2535,i_2109,i_7779
u_1697,i_8395,i_8013,i_6660,i_5808,i_2338
u_1698,i_7271,i_5580,i_2384,i_0664,i_2199
u_1699,i_6988,i_3576,i_5231,i_6416,i_1526
u_1700,i_8454,i_8580,i_8507,i_4076,i_4124
u_1701,i_4212,i_3147,i_8081,i_8354,i_1936
u_1702,i_3702,i_4514,i_4418,i_1167,i_5878
u_1703,i_2413,i_8052,i_4088,i_4056,i_0796
u_1704,i_7070,i_6209,i_8062,i_1795,i_6759
u_1705,i_6418,i_1414,i_6308,i_6295,i_7195
u_1706,i_6436,i_5966,i_1044,i_5454,i_7755
u_1707,i_2329,i_8471,i_3721,i_5437,i_1611
u_1708,i_1030,i_5153,i_4704,i_7297,i_5381
u_1709,i_3082,i_1898,i_2786,i_4566,i_3514
u_1710,i_6305,i_5052,i_6400,i_3716,i_6000
u_1711,i_7920,i_6538,i_3371,i_5188,i_3097
u_1712,i_4978,i_1879,i_2082,i_4599,i_4605
u_1713,i_3078,i_3849,i_7389,i_8157,i_5366
u_1714,i_5404,i_7291,i_5657,i_4419,i_5840
u_1715,i_7377,i_1152,i_8677,i_5092,i_3031
u_1716,i_7653,i_1598,i_5371,i_5311,i_8161
u_1717,i_5465,i_3958,i_4022,i_5888,i_2933
u_1718,i_2877,i_4578,i_7773,i_5254,i_6342
u_1719,i_8396,i_7093,i_7904,i_1114,i_0888
u_1720,i_7184,i_6248,i_3150,i_3157,i_8165
u_1721,i_3621,i_3771,i_8045,i_4766,i_2241
u_1722,i_4800,i_1066,i_7809,i_0610,i_0382
u_1723,i_1790,i_2909,i_1273,i_4708,i_2188
u_1724,i_4965,i_4912,i_1984,i_5888,i_1026
u_1725,i_8215,i_7930,i_4447,i_1183,i_7778
u_1726,i_3082,i_4335,i_8338,i_1486,i_0042
u_1727,i_5560,i_7444,i_1639,i_5206,i_0902
u_1728,i_4405,i_5732,i_2509,i_6630,i_6102
u_1729,i_6100,i_0156,i_8466,i_1320,i_8027
u_1730,i_0747,i_8558,i_7639,i_3787,i_2093
u_1731,i_0998,i_6052,i_3625,i_6100,i_0495
u_1732,i_1522,i_7661,i_3339,i_3799,i_3366
u_1733,i_7137,i_6308,i_7959,i_7787,i_5419
u_1734,i_3855,i_0507,i_5286,i_4335,i_3116
u_1735,i_3921,i_7937,i_0793,i_5685,i_2710
u_1736,i_2228,i_1793,i_0734,i_0492,i_5092
u_1737,i_0793,i_4437,i_5919,i_4148,i_7933
u_1738,i_5356,i_8487,i_7070,i_5675,i_6832
u_1739,i_3098,i_6728,i_8070,i_7628,i_4970
u_1740,i_8398,i_5928,i_3326,i_0603,i_2155
u_1741,i_7530,i_7522,i_8071,i_3942,i_8602
u_1742,i_1687,i_3213,i_4958,i_8239,i_4719
u_1743,i_3132,i_0976,i_7811,i_3812,i_8415
u_1744,i_6196,i_4755,i_1284,i_1133,i_4068
u_1745,i_0910,i_4060,i_1850,i_0083,i_3390
u_1746,i_6996,i_7206,i_1033,i_0359,i_8441
u_1747,i_1522,i_2748,i_3142,i_2607,i_1851
u_1748,i_8401,i_8528,i_8423,i_1947,i_0519
u_1749,i_4893,i_3307,i_1710,i_1365,i_6230
u_1750,i_8412,i_6833,i_8423,i_1505,i_3129
u_1751,i_3483,i_0509,i_3775,i_0344,i_5092
u_1752,i_8280,i_5969,i_1237,i_1922,i_0754
u_1753,i_8166,i_8076,i_2683,i_8303,i_6200
u_1754,i_4437,i_5744,i_3139,i_3270,i_5068
u_1755,i_7184,i_7201,i_6427,i_5910,i_0571
u_1756,i_7304,i_7064,i_2847,i_6841,i_6094
u_1757,i_6523,i_7238,i_7559,i_3736,i_1222
u_1758,i_1838,i_1820,i_6042,i_3809,i_3062
u_1759,i_8264,i_7348,i_1716,i_0282,i_3042
u_1760,i_8655,i_7027,i_3926,i_0760,i_1890
u_1761,i_6310,i_5792,i_2505,i_4974,i_7335
u_1762,i_1280,i_2835,i_3148,i_5165,i_8216
u_1763,i_1319,i_7219,i_7820,i_1501,i_3826
u_1764,i_0301,i_6733,i_7157,i_4115,i_0283
u_1765,i_1672,i_1336,i_0876,i_7649,i_7594
u_1766,i_3771,i_7075,i_4072,i_5320,i_0975
u_1767,i_8657,i_1076,i_4770,i_4882,i_1767
u_1768,i_4330,i_8290,i_1537,i_8410,i_3265
u_1769,i_8103,i_2483,i_8385,i_7374,i_3602
u_1770,i_2666,i_2132,i_5714,i_4733,i_1230
u_1771,i_3958,i_5901,i_2963,i_3529,i_2901
u_1772,i_5273,i_7515,i_4579,i_1347,i_6803
u_1773,i_5467,i_4383,i_6836,i_4024,i_4970
u_1774,i_5555,i_3846,i_6551,i_7180,i_4004
u_1775,i_0315,i_7776,i_7351,i_7599,i_0093
u_1776,i_7348,i_2555,i_4536,i_8056,i_7996
u_1777,i_8416,i_6668,i_7921,i_6682,i_1917
u_1778,i_5946,i_6831,i_4441,i_4555,i_7013
u_1779,i_6152,i_8042,i_7508,i_6013,i_4202
u_1780,i_7834,i_7773,i_3480,i_5386,i_4974
u_1781,i_6814,i_1033,i_1423,i_7009,i_4432
u_1782,i_5290,i_5170,i_6190,i_2263,i_4812
u_1783,i_5639,i_0122,i_6292,i_2392,i_8216
u_1784,i_7075,i_8338,i_5301,i_2394,i_3536
u_1785,i_7530,i_7836,i_6212,i_8328,i_3657
u_1786,i_7105,i_6908,i_7068,i_6053,i_5636
u_1787,i_7421,i_2991,i_2971,i_3757,i_6750
u_1788,i_6566,i_5256,i_6360,i_5308,i_2674
u_1789,i_7827,i_6559,i_2750,i_8156,i_3545
u_1790,i_7920,i_7445,i_5312,i_4281,i_5266
u_1791,i_7836,i_6132,i_5067,i_2790,i_2542
u_1792,i_1861,i_6697,i_7146,i_1075,i_0882
u_1793,i_6459,i_7050,i_5550,i_6231,i_3812
u_1794,i_1023,i_2295,i_5051,i_8447,i_8150
u_1795,i_6902,i_3546,i_4670,i_4751,i_0923
u_1796,i_8356,i_8405,i_8000,i_2012,i_2401
u_1797,i_5196,i_4878,i_4837,i_6249,i_8135
u_1798,i_7226,i_8463,i_3966,i_6047,i_1510
u_1799,i_8070,i_6827,i_3511,i_7646,i_2883
u_1800,i_6308,i_7084,i_5579,i_6985,i_8432
u_1801,i_8040,i_0255,i_0671,i_8021,i_4970
u_1802,i_2789,i_5029,i_5931,i_2744,i_6718
u_1803,i_7672,i_0844,i_4874,i_6295,i_7639
u_1804,i_3946,i_0205,i_2946,i_1838,i_6810
u_1805,i_3372,i_6690,i_5835,i_3679,i_2422
u_1806,i_6099,i_1028,i_3647,i_0746,i_3124
u_1807,i_6555,i_6308,i_5011,i_0773,i_6323
u_1808,i_6288,i_8556,i_6085,i_5222,i_1238
u_1809,i_7850,i_8658,i_5926,i_7299,i_7586
u_1810,i_7920,i_8541,i_5157,i_7981,i_0867
u_1811,i_5822,i_7300,i_6704,i_6756,i_8203
u_1812,i_8482,i_8357,i_4990,i_0658,i_1002
u_1813,i_7920,i_7162,i_4437,i_8024,i_7200
u_1814,i_7148,i_2064,i_5819,i_5028,i_6910
u_1815,i_4030,i_6680,i_6250,i_5307,i_4765
u_1816,i_8041,i_8506,i_0424,i_7140,i_6970
u_1817,i_7961,i_3344,i_2524,i_4020,i_4257
u_1818,i_5592,i_6185,i_3060,i_4608,i_5289
u_1819,i_6885,i_2631,i_5278,i_7642,i_3562
u_1820,i_2480,i_5511,i_2176,i_2960,i_0915
u_1821,i_5168,i_0868,i_6902,i_4052,i_6634
u_1822,i_8219,i_8250,i_0486,i_5903,i_7921
u_1823,i_8329,i_3024,i_7909,i_8265,i_2439
u_1824,i_2088,i_1735,i_3607,i_1922,i_3591
u_1825,i_5584,i_1522,i_3367,i_6122,i_4110
u_1826,i_6484,i_5945,i_2597,i_5621,i_0743
u_1827,i_7286,i_4422,i_3058,i_0660,i_2927
u_1828,i_4076,i_8579,i_7648,i_6220,i_1520
u_1829,i_3355,i_5956,i_6495,i_4716,i_0717
u_1830,i_7117,i_8493,i_4843,i_1934,i_0201
u_1831,i_6418,i_3622,i_1519,i_1064,i_0991
u_1832,i_5555,i_8450,i_5235,i_1196,i_5433
u_1833,i_1207,i_3483,i_5156,i_2613,i_6110
u_1834,i_4402,i_5919,i_8261,i_8135,i_3985
u_1835,i_3625,i_0533,i_5400,i_6460,i_5687
u_1836,i_7999,i_6796,i_2141,i_1890,i_6497
u_1837,i_4353,i_6978,i_5794,i_7335,i_0416
u_1838,i_8497,i_1015,i_2421,i_3442,i_2794
u_1839,i_6418,i_7771,i_2662,i_6085,i_1056
u_1840,i_1629,i_6643,i_0845,i_2520,i_4502
u_1841,i_6150,i_7138,i_7736,i_4818,i_1914
u_1842,i_4437,i_7140,i_0011,i_4687,i_5155
u_1843,i_1893,i_0175,i_2173,i_7126,i_2526
u_1844,i_7015,i_4578,i_0247,i_4636,i_5395
u_1845,i_5252,i_5067,i_5297,i_8042,i_8268
u_1846,i_5535,i_5416,i_4437,i_1540,i_1616
u_1847,i_6503,i_3380,i_5550,i_1828,i_7271
u_1848,i_7302,i_7314,i_2780,i_5152,i_1518
u_1849,i_6524,i_2476,i_7085,i_0092,i_0357
u_1850,i_4060,i_5835,i_4723,i_6415,i_5453
u_1851,i_7920,i_8071,i_1210,i_1483,i_7565
u_1852,i_4033,i_3094,i_3366,i_2841,i_3580
u_1853,i_7267,i_2818,i_7385,i_7294,i_7592
u_1854,i_7206,i_3890,i_8449,i_3859,i_8363
u_1855,i_8676,i_8666,i_4383,i_1569,i_2327
u_1856,i_3893,i_5560,i_0183,i_8633,i_6803
u_1857,i_7616,i_8501,i_6450,i_7889,i_2911
u_1858,i_6241,i_7652,i_0323,i_1060,i_7859
u_1859,i_6915,i_7920,i_5837,i_8392,i_8152
u_1860,i_0065,i_0011,i_8611,i_2062,i_2974
u_1861,i_7469,i_5290,i_4266,i_6202,i_0324
u_1862,i_8286,i_0933,i_6859,i_8157,i_2829
u_1863,i_5628,i_3705,i_7047,i_1862,i_6864
u_1864,i_2082,i_0654,i_6726,i_2329,i_5765
u_1865,i_5506,i_2505,i_4649,i_7936,i_0827
u_1866,i_5283,i_6004,i_5898,i_1795,i_3893
u_1867,i_7498,i_7920,i_3152,i_2284,i_0242
u_1868,i_1983,i_5547,i_2188,i_2785,i_6817
u_1869,i_3223,i_1027,i_4510,i_1797,i_3301
u_1870,i_1439,i_7830,i_2329,i_1795,i_7855
u_1871,i_2504,i_2282,i_1952,i_2695,i_6000
u_1872,i_8607,i_8498,i_4102,i_3095,i_5686
u_1873,i_0581,i_4437,i_6830,i_3606,i_4028
u_1874,i_4421,i_4437,i_2060,i_7988,i_5969
u_1875,i_4172,i_7146,i_8644,i_4680,i_5685
u_1876,i_7193,i_5690,i_7597,i_3487,i_6442
u_1877,i_7661,i_7968,i_4119,i_8176,i_0565
u_1878,i_3702,i_6771,i_4801,i_4949,i_1901
u_1879,i_2814,i_6563,i_6254,i_5575,i_4132
u_1880,i_7990,i_7868,i_2029,i_3945,i_4135
u_1881,i_4517,i_8665,i_6952,i_7472,i_4498
u_1882,i_2688,i_8189,i_5001,i_5082,i_8448
u_1883,i_7730,i_4542,i_6311,i_3279,i_3928
u_1884,i_2951,i_8186,i_2137,i_7362,i_7583
u_1885,i_4504,i_8601,i_4174,i_2377,i_8457
u_1886,i_7349,i_7137,i_2867,i_0363,i_2986
u_1887,i_7589,i_4504,i_5434,i_5659,i_7192
u_1888,i_8501,i_8041,i_6262,i_2085,i_1717
u_1889,i_6299,i_7279,i_8412,i_5000,i_8357
u_1890,i_7111,i_1653,i_2389,i_7820,i_6664
u_1891,i_6450,i_8263,i_5802,i_1843,i_8483
u_1892,i_7413,i_8063,i_3045,i_0292,i_1393
u_1893,i_4435,i_4376,i_6525,i_4159,i_6515
u_1894,i_8164,i_7863,i_4418,i_1685,i_6082
u_1895,i_8565,i_8041,i_6204,i_2333,i_3808
u_1896,i_6100,i_7138,i_5461,i_2962,i_7897
u_1897,i_8564,i_7001,i_4104,i_2878,i_1821
u_1898,i_7352,i_6618,i_8401,i_1445,i_2034
u_1899,i_5681,i_2172,i_3533,i_8535,i_2014
u_1900,i_5763,i_7227,i_8282,i_4126,i_3711
u_1901,i_5063,i_3768,i_7050,i_5029,i_2827
u_1902,i_4770,i_6798,i_8201,i_1775,i_4341
u_1903,i_7563,i_5827,i_0578,i_2582,i_5704
u_1904,i_8215,i_8501,i_1572,i_0472,i_5167
u_1905,i_5919,i_2726,i_4911,i_3214,i_8405
u_1906,i_8485,i_1180,i_1383,i_3772,i_5673
u_1907,i_1940,i_2023,i_5028,i_4159,i_4003
u_1908,i_7405,i_7085,i_8200,i_3306,i_0987
u_1909,i_7709,i_2372,i_4716,i_0722,i_5092
u_1910,i_4326,i_5555,i_2498,i_8297,i_7933
u_1911,i_7710,i_8005,i_6107,i_0032,i_2756
u_1912,i_2094,i_5018,i_4623,i_4360,i_6379
u_1913,i_5039,i_5433,i_6364,i_2408,i_2671
u_1914,i_0855,i_1877,i_1024,i_7971,i_3614
u_1915,i_8070,i_7920,i_7557,i_3840,i_8496
u_1916,i_6018,i_3471,i_0793,i_1231,i_0441
u_1917,i_1838,i_7111,i_0569,i_4676,i_7460
u_1918,i_6927,i_6743,i_2668,i_8595,i_0607
u_1919,i_2758,i_4854,i_2020,i_5740,i_3116
u_1920,i_3128,i_1517,i_2870,i_0288,i_1707
u_1921,i_7873,i_5054,i_5323,i_6229,i_3234
u_1922,i_7982,i_1522,i_1873,i_4310,i_6209
u_1923,i_3082,i_6821,i_0595,i_6789,i_1085
u_1924,i_7551,i_1805,i_6755,i_7351,i_6348
u_1925,i_5216,i_7949,i_3078,i_1922,i_7291
u_1926,i_8220,i_8223,i_6625,i_7571,i_4939
u_1927,i_5486,i_3694,i_3030,i_5551,i_5092
u_1928,i_2902,i_4937,i_2656,i_7058,i_1194
u_1929,i_8410,i_0297,i_4376,i_5738,i_0891
u_1930,i_1598,i_8250,i_1278,i_8489,i_1693
u_1931,i_5092,i_0439,i_0832,i_5999,i_7501
u_1932,i_2082,i_2644,i_4528,i_2013,i_2451
u_1933,i_7530,i_2010,i_8004,i_7344,i_2304
u_1934,i_5999,i_4376,i_4039,i_7905,i_6225
u_1935,i_8333,i_4795,i_3148,i_0403,i_7395
u_1936,i_2483,i_8595,i_8587,i_6497,i_3345
u_1937,i_2529,i_2360,i_1983,i_1400,i_3463
u_1938,i_7350,i_8211,i_5810,i_7485,i_5990
u_1939,i_6277,i_6286,i_0094,i_5761,i_8118
u_1940,i_5474,i_1371,i_3654,i_8176,i_5092
u_1941,i_4770,i_0422,i_3601,i_1361,i_1532
u_1942,i_1890,i_3658,i_2869,i_2906,i_0606
u_1943,i_1763,i_5714,i_0386,i_4633,i_8568
u_1944,i_6532,i_8539,i_6430,i_2013,i_5274
u_1945,i_7589,i_7184,i_7962,i_0377,i_4566
u_1946,i_5505,i_0123,i_4063,i_0533,i_3462
u_1947,i_5027,i_5365,i_7385,i_5429,i_0121
u_1948,i_7484,i_7098,i_8542,i_3047,i_1395
u_1949,i_5952,i_5196,i_4028,i_1005,i_6042
u_1950,i_8501,i_7137,i_7398,i_4428,i_3967
u_1951,i_2333,i_8553,i_6065,i_1535,i_1189
u_1952,i_3667,i_4802,i_2944,i_2392,i_1209
u_1953,i_8070,i_7294,i_7471,i_0956,i_8633
u_1954,i_6359,i_6641,i_4240,i_5890,i_5884
u_1955,i_1805,i_4542,i_4811,i_1948,i_6015
u_1956,i_6817,i_0225,i_2296,i_0219,i_4350
u_1957,i_8041,i_5280,i_1890,i_0169,i_6199
u_1958,i_3478,i_8344,i_4787,i_3212,i_4554
u_1959,i_3128,i_1299,i_7902,i_8545,i_6656
u_1960,i_5755,i_0845,i_6013,i_3267,i_1351
u_1961,i_0876,i_7661,i_0649,i_0346,i_2710
u_1962,i_1472,i_7157,i_7161,i_4038,i_0126
u_1963,i_5310,i_0661,i_5154,i_4454,i_7083
u_1964,i_4052,i_3768,i_6179,i_3419,i_1434
u_1965,i_7239,i_3648,i_3602,i_2152,i_0267
u_1966,i_7137,i_8624,i_0587,i_2287,i_2645
u_1967,i_0169,i_0315,i_4952,i_7327,i_1908
u_1968,i_6308,i_2929,i_7560,i_8334,i_0912
u_1969,i_2991,i_7481,i_7858,i_4674,i_0438
u_1970,i_6738,i_1580,i_8460,i_0003,i_6620
u_1971,i_7636,i_4556,i_5074,i_0383,i_3111
u_1972,i_8624,i_4188,i_8551,i_7659,i_4294
u_1973,i_4116,i_5628,i_5515,i_7740,i_6908
u_1974,i_5822,i_6060,i_0825,i_2151,i_0916
u_1975,i_7338,i_7001,i_1607,i_4362,i_8184
u_1976,i_2758,i_5499,i_0130,i_0282,i_2025
u_1977,i_7215,i_8290,i_5465,i_5783,i_1452
u_1978,i_6450,i_8355,i_4437,i_2874,i_2933
u_1979,i_7111,i_6718,i_6894,i_0304,i_0206
u_1980,i_6563,i_6848,i_8375,i_8445,i_6579
u_1981,i_7657,i_5370,i_4596,i_2313,i_6421
u_1982,i_2811,i_8410,i_6602,i_5046,i_1371
u_1983,i_0129,i_8673,i_5042,i_0422,i_6318
u_1984,i_8063,i_8353,i_8668,i_6262,i_2610
u_1985,i_6600,i_0286,i_7879,i_8377,i_8459
u_1986,i_2858,i_8244,i_6278,i_1275,i_3007
u_1987,i_2566,i_4832,i_0649,i_7534,i_7170
u_1988,i_8484,i_7731,i_6650,i_2662,i_1851
u_1989,i_1346,i_6185,i_0301,i_2984,i_2897
u_1990,i_7299,i_8139,i_3008,i_4076,i_0122
u_1991,i_8636,i_4226,i_6241,i_0218,i_6932
u_1992,i_8550,i_7601,i_8554,i_4843,i_7432
u_1993,i_3339,i_3257,i_2601,i_3907,i_3873
u_1994,i_2825,i_4377,i_8012,i_4886,i_6342
u_1995,i_2615,i_4797,i_6136,i_3505,i_2224
u_1996,i_8395,i_1795,i_0146,i_7832,i_2848
u_1997,i_0313,i_7812,i_0306,i_4676,i_3866
u_1998,i_2480,i_8070,i_7120,i_5641,i_1109
u_1999,i_8263,i_0684,i_7288,i_0521,i_4124
